{
  "graphs" : [ {
    "nodes" : [ {
      "id" : "http://purl.obolibrary.org/obo/exo.obo#interacts_with_an_exposure_receptor_via",
      "type" : "PROPERTY",
      "lbl" : "interacts_with_an_exposure_receptor_via"
    }, {
      "id" : "http://purl.obolibrary.org/obo/ExO_0000001",
      "meta" : {
        "basicPropertyValues" : [ {
          "pred" : "http://purl.obolibrary.org/obo/created_by",
          "val" : "cmattin"
        }, {
          "pred" : "http://purl.obolibrary.org/obo/def",
          "val" : "An entity (e.g., a human, human population, or a human organ) that interacts with an exposure stressor during an exposure event."
        }, {
          "pred" : "http://purl.obolibrary.org/obo/namespace",
          "val" : "exposure_receptor"
        }, {
          "pred" : "http://purl.obolibrary.org/obo/creation_date",
          "val" : "2010-09-21T02:45:36Z"
        } ]
      },
      "type" : "CLASS",
      "lbl" : "exposure receptor"
    }, {
      "id" : "http://purl.obolibrary.org/obo/ExO_0000056",
      "meta" : {
        "basicPropertyValues" : [ {
          "pred" : "http://purl.obolibrary.org/obo/creation_date",
          "val" : "2011-01-10T09:38:47Z"
        }, {
          "pred" : "http://purl.obolibrary.org/obo/created_by",
          "val" : "cmattin"
        }, {
          "pred" : "http://purl.obolibrary.org/obo/def",
          "val" : "The process of taking a material (e.g., stressor) into the mouth or body."
        }, {
          "pred" : "http://purl.obolibrary.org/obo/namespace",
          "val" : "route"
        } ]
      },
      "type" : "CLASS",
      "lbl" : "ingestion"
    }, {
      "id" : "http://purl.obolibrary.org/obo/ExO_0000002",
      "meta" : {
        "basicPropertyValues" : [ {
          "pred" : "http://purl.obolibrary.org/obo/def",
          "val" : "An interaction between an exposure stressor and an exposure receptor."
        }, {
          "pred" : "http://purl.obolibrary.org/obo/created_by",
          "val" : "cmattin"
        }, {
          "pred" : "http://purl.obolibrary.org/obo/namespace",
          "val" : "exposure_event"
        }, {
          "pred" : "http://purl.obolibrary.org/obo/creation_date",
          "val" : "2010-09-21T02:47:00Z"
        } ]
      },
      "type" : "CLASS",
      "lbl" : "exposure event"
    }, {
      "id" : "http://purl.obolibrary.org/obo/ExO_0000057",
      "meta" : {
        "basicPropertyValues" : [ {
          "pred" : "http://purl.obolibrary.org/obo/def",
          "val" : "The process of drawing in by breathing."
        }, {
          "pred" : "http://purl.obolibrary.org/obo/created_by",
          "val" : "cmattin"
        }, {
          "pred" : "http://purl.obolibrary.org/obo/namespace",
          "val" : "route"
        }, {
          "pred" : "http://purl.obolibrary.org/obo/creation_date",
          "val" : "2011-01-10T09:38:59Z"
        } ]
      },
      "type" : "CLASS",
      "lbl" : "inhalation"
    }, {
      "id" : "http://purl.obolibrary.org/obo/exo.obo#interacts_with_an_exposure_stressor_via",
      "type" : "PROPERTY",
      "lbl" : "interacts_with_an_exposure stressor_via"
    }, {
      "id" : "http://purl.obolibrary.org/obo/ExO_0000055",
      "meta" : {
        "basicPropertyValues" : [ {
          "pred" : "http://purl.obolibrary.org/obo/created_by",
          "val" : "cmattin"
        }, {
          "pred" : "http://purl.obolibrary.org/obo/namespace",
          "val" : "exposure_event"
        }, {
          "pred" : "http://purl.obolibrary.org/obo/def",
          "val" : "The way people or other living organisms come into contact with a stressor."
        }, {
          "pred" : "http://purl.obolibrary.org/obo/creation_date",
          "val" : "2011-01-10T09:38:37Z"
        } ]
      },
      "type" : "CLASS",
      "lbl" : "route"
    }, {
      "id" : "http://purl.obolibrary.org/obo/ExO_0000000",
      "meta" : {
        "basicPropertyValues" : [ {
          "pred" : "http://purl.obolibrary.org/obo/def",
          "val" : "An agent, stimulus, activity, or event that causes stress or tension on an organism and interacts with an exposure receptor during an exposure event."
        }, {
          "pred" : "http://purl.obolibrary.org/obo/namespace",
          "val" : "exposure_stressor"
        }, {
          "pred" : "http://purl.obolibrary.org/obo/creation_date",
          "val" : "2010-09-21T02:43:50Z"
        } ]
      },
      "type" : "CLASS",
      "lbl" : "exposure stressor"
    }, {
      "id" : "http://purl.obolibrary.org/obo/ExO_0000060",
      "meta" : {
        "basicPropertyValues" : [ {
          "pred" : "http://purl.obolibrary.org/obo/def",
          "val" : "A method of putting liquid into the body with a syringe and a hollow needle that punctures the skin."
        }, {
          "pred" : "http://purl.obolibrary.org/obo/created_by",
          "val" : "cmattin"
        }, {
          "pred" : "http://purl.obolibrary.org/obo/creation_date",
          "val" : "2011-01-10T09:39:37Z"
        }, {
          "pred" : "http://purl.obolibrary.org/obo/namespace",
          "val" : "route"
        } ]
      },
      "type" : "CLASS",
      "lbl" : "injection"
    }, {
      "id" : "http://purl.obolibrary.org/obo/exo.obo#interacts_with",
      "type" : "PROPERTY",
      "lbl" : "interacts_with"
    } ],
    "edges" : [ {
      "sub" : "http://purl.obolibrary.org/obo/ExO_0000056",
      "pred" : "is_a",
      "obj" : "http://purl.obolibrary.org/obo/ExO_0000055"
    }, {
      "sub" : "http://purl.obolibrary.org/obo/ExO_0000002",
      "pred" : "http://purl.obolibrary.org/obo/exo.obo#interacts_with_an_exposure_stressor_via",
      "obj" : "http://purl.obolibrary.org/obo/ExO_0000001"
    }, {
      "sub" : "http://purl.obolibrary.org/obo/ExO_0000000",
      "pred" : "http://purl.obolibrary.org/obo/exo.obo#interacts_with_an_exposure_receptor_via",
      "obj" : "http://purl.obolibrary.org/obo/ExO_0000002"
    }, {
      "sub" : "http://purl.obolibrary.org/obo/ExO_0000002",
      "pred" : "http://purl.obolibrary.org/obo/BFO_0000051",
      "obj" : "http://purl.obolibrary.org/obo/ExO_0000001"
    }, {
      "sub" : "http://purl.obolibrary.org/obo/ExO_0000000",
      "pred" : "http://purl.obolibrary.org/obo/exo.obo#interacts_with",
      "obj" : "http://purl.obolibrary.org/obo/ExO_0000001"
    }, {
      "sub" : "http://purl.obolibrary.org/obo/ExO_0000055",
      "pred" : "http://purl.obolibrary.org/obo/BFO_0000050",
      "obj" : "http://purl.obolibrary.org/obo/ExO_0000002"
    }, {
      "sub" : "http://purl.obolibrary.org/obo/ExO_0000057",
      "pred" : "is_a",
      "obj" : "http://purl.obolibrary.org/obo/ExO_0000055"
    }, {
      "sub" : "http://purl.obolibrary.org/obo/ExO_0000002",
      "pred" : "http://purl.obolibrary.org/obo/BFO_0000051",
      "obj" : "http://purl.obolibrary.org/obo/ExO_0000000"
    }, {
      "sub" : "http://purl.obolibrary.org/obo/ExO_0000002",
      "pred" : "http://purl.obolibrary.org/obo/exo.obo#interacts_with_an_exposure_receptor_via",
      "obj" : "http://purl.obolibrary.org/obo/ExO_0000000"
    }, {
      "sub" : "http://purl.obolibrary.org/obo/ExO_0000001",
      "pred" : "http://purl.obolibrary.org/obo/exo.obo#interacts_with",
      "obj" : "http://purl.obolibrary.org/obo/ExO_0000000"
    }, {
      "sub" : "http://purl.obolibrary.org/obo/ExO_0000060",
      "pred" : "is_a",
      "obj" : "http://purl.obolibrary.org/obo/ExO_0000055"
    } ],
    "id" : "http://purl.obolibrary.org/obo/ecto/imports/exo_import.owl",
    "meta" : {
      "subsets" : [ ],
      "xrefs" : [ ],
      "basicPropertyValues" : [ ],
      "version" : "http://purl.obolibrary.org/obo/ecto/releases/2020-02-10/imports/exo_import.owl"
    },
    "equivalentNodesSets" : [ ],
    "logicalDefinitionAxioms" : [ ],
    "domainRangeAxioms" : [ ],
    "propertyChainAxioms" : [ ]
  } ]
}