{
  "graphs" : [ {
    "nodes" : [ {
      "id" : "http://purl.obolibrary.org/obo/NCIT_C86589",
      "type" : "CLASS",
      "lbl" : "Sedentary Lifestyle"
    }, {
      "id" : "http://purl.obolibrary.org/obo/NCIT_C20188",
      "type" : "CLASS",
      "lbl" : "Social Circumstances"
    }, {
      "id" : "http://purl.obolibrary.org/obo/NCIT_C25193",
      "type" : "CLASS",
      "lbl" : "Occupation"
    }, {
      "id" : "http://purl.obolibrary.org/obo/NCIT_C19706",
      "type" : "CLASS",
      "lbl" : "Dietary Practices"
    }, {
      "id" : "http://purl.obolibrary.org/obo/NCIT_C20181",
      "type" : "CLASS",
      "lbl" : "Conceptual Entity"
    }, {
      "id" : "http://purl.obolibrary.org/obo/NCIT_C16326",
      "type" : "CLASS",
      "lbl" : "Behavior"
    }, {
      "id" : "http://purl.obolibrary.org/obo/NCIT_C16522",
      "type" : "CLASS",
      "lbl" : "Drug Abuse"
    }, {
      "id" : "http://purl.obolibrary.org/obo/NCIT_C20134",
      "type" : "CLASS",
      "lbl" : "Smoking Behavior"
    }, {
      "id" : "http://purl.obolibrary.org/obo/NCIT_C16203",
      "type" : "CLASS",
      "lbl" : "Clinical or Research Activity"
    }, {
      "id" : "http://purl.obolibrary.org/obo/NCIT_C18020",
      "type" : "CLASS",
      "lbl" : "Diagnostic Procedure"
    }, {
      "id" : "http://purl.obolibrary.org/obo/NCIT_C19035",
      "type" : "CLASS",
      "lbl" : "Social Networking"
    }, {
      "id" : "http://purl.obolibrary.org/obo/NCIT_C107390",
      "type" : "CLASS",
      "lbl" : "Asbestos Mining"
    }, {
      "id" : "http://purl.obolibrary.org/obo/NCIT_C97630",
      "type" : "CLASS",
      "lbl" : "Construction and Extraction Occupations"
    }, {
      "id" : "http://purl.obolibrary.org/obo/NCIT_C90484",
      "type" : "CLASS",
      "lbl" : "Water Consumption"
    }, {
      "id" : "http://purl.obolibrary.org/obo/NCIT_C75563",
      "type" : "CLASS",
      "lbl" : "Unemployment"
    }, {
      "id" : "http://purl.obolibrary.org/obo/NCIT_C19160",
      "type" : "CLASS",
      "lbl" : "Occupation or Discipline"
    }, {
      "id" : "http://purl.obolibrary.org/obo/NCIT_C17934",
      "type" : "CLASS",
      "lbl" : "Tobacco Smoking"
    }, {
      "id" : "http://purl.obolibrary.org/obo/NCIT_C61497",
      "type" : "CLASS",
      "lbl" : "Cessation"
    }, {
      "id" : "http://purl.obolibrary.org/obo/NCIT_C20192",
      "type" : "CLASS",
      "lbl" : "Miscellaneous Occupation"
    }, {
      "id" : "http://purl.obolibrary.org/obo/NCIT_C20701",
      "type" : "CLASS",
      "lbl" : "Alcohol Abuse"
    }, {
      "id" : "http://purl.obolibrary.org/obo/NCIT_C20026",
      "type" : "CLASS",
      "lbl" : "Flame-Broiling"
    }, {
      "id" : "http://purl.obolibrary.org/obo/NCIT_C17427",
      "type" : "CLASS",
      "lbl" : "Smoking Cessation"
    }, {
      "id" : "http://purl.obolibrary.org/obo/NCIT_C20189",
      "type" : "CLASS",
      "lbl" : "Property or Attribute"
    }, {
      "id" : "http://purl.obolibrary.org/obo/NCIT_C17468",
      "type" : "CLASS",
      "lbl" : "Socioeconomic Factors"
    }, {
      "id" : "http://purl.obolibrary.org/obo/NCIT_C18272",
      "type" : "CLASS",
      "lbl" : "Substance Abuse"
    }, {
      "id" : "http://purl.obolibrary.org/obo/NCIT_C19683",
      "type" : "CLASS",
      "lbl" : "Personal Behavior"
    }, {
      "id" : "http://purl.obolibrary.org/obo/NCIT_C18270",
      "type" : "CLASS",
      "lbl" : "Cigarette Smoking"
    }, {
      "id" : "http://purl.obolibrary.org/obo/NCIT_C116448",
      "type" : "CLASS",
      "lbl" : "Ultrasound Tomography"
    }, {
      "id" : "http://purl.obolibrary.org/obo/NCIT_C38103",
      "type" : "CLASS",
      "lbl" : "Chest Radiography"
    }, {
      "id" : "http://purl.obolibrary.org/obo/NCIT_C38102",
      "type" : "CLASS",
      "lbl" : "Abdominal Radiography"
    }, {
      "id" : "http://purl.obolibrary.org/obo/NCIT_C17263",
      "type" : "CLASS",
      "lbl" : "Xeroradiography"
    }, {
      "id" : "http://purl.obolibrary.org/obo/NCIT_C38101",
      "type" : "CLASS",
      "lbl" : "Radiography"
    }, {
      "id" : "http://purl.obolibrary.org/obo/NCIT_C103934",
      "type" : "CLASS",
      "lbl" : "Welding Occupations"
    }, {
      "id" : "http://purl.obolibrary.org/obo/NCIT_C61508",
      "type" : "CLASS",
      "lbl" : "Cholangiography"
    }, {
      "id" : "http://purl.obolibrary.org/obo/NCIT_C16818",
      "type" : "CLASS",
      "lbl" : "Mammography"
    }, {
      "id" : "http://purl.obolibrary.org/obo/NCIT_C25172",
      "type" : "CLASS",
      "lbl" : "Employment"
    }, {
      "id" : "http://purl.obolibrary.org/obo/NCIT_C38096",
      "type" : "CLASS",
      "lbl" : "Vaginography"
    }, {
      "id" : "http://purl.obolibrary.org/obo/NCIT_C16502",
      "type" : "CLASS",
      "lbl" : "Diagnostic Imaging"
    }, {
      "id" : "http://purl.obolibrary.org/obo/NCIT_C19733",
      "type" : "CLASS",
      "lbl" : "Cooking Practices"
    }, {
      "id" : "http://purl.obolibrary.org/obo/NCIT_C19694",
      "type" : "CLASS",
      "lbl" : "Risk Reduction"
    }, {
      "id" : "http://purl.obolibrary.org/obo/NCIT_C25404",
      "type" : "CLASS",
      "lbl" : "Action"
    }, {
      "id" : "http://purl.obolibrary.org/obo/NCIT_C96640",
      "type" : "CLASS",
      "lbl" : "Total Body Radiography"
    }, {
      "id" : "http://purl.obolibrary.org/obo/NCIT_C19332",
      "type" : "CLASS",
      "lbl" : "Personal Attribute"
    }, {
      "id" : "http://purl.obolibrary.org/obo/NCIT_C96001",
      "type" : "CLASS",
      "lbl" : "Tobacco Use Cessation"
    }, {
      "id" : "http://purl.obolibrary.org/obo/NCIT_C90383",
      "type" : "CLASS",
      "lbl" : "Feeding Regimen"
    }, {
      "id" : "http://purl.obolibrary.org/obo/NCIT_C90384",
      "type" : "CLASS",
      "lbl" : "Food Consumption"
    }, {
      "id" : "http://purl.obolibrary.org/obo/NCIT_C93214",
      "type" : "CLASS",
      "lbl" : "Violence"
    }, {
      "id" : "http://purl.obolibrary.org/obo/NCIT_C20175",
      "type" : "CLASS",
      "lbl" : "Myelography"
    }, {
      "id" : "http://purl.obolibrary.org/obo/NCIT_C43431",
      "type" : "CLASS",
      "lbl" : "Activity"
    }, {
      "id" : "http://purl.obolibrary.org/obo/NCIT_C16795",
      "type" : "CLASS",
      "lbl" : "Lifestyle"
    }, {
      "id" : "http://purl.obolibrary.org/obo/NCIT_C19702",
      "type" : "CLASS",
      "lbl" : "Cigar Smoking"
    }, {
      "id" : "http://purl.obolibrary.org/obo/NCIT_C18059",
      "type" : "CLASS",
      "lbl" : "Tobacco Use"
    }, {
      "id" : "http://purl.obolibrary.org/obo/NCIT_C38040",
      "type" : "CLASS",
      "lbl" : "Bronchography"
    }, {
      "id" : "http://purl.obolibrary.org/obo/NCIT_C20048",
      "type" : "CLASS",
      "lbl" : "High Vegetable Diet"
    }, {
      "id" : "http://purl.obolibrary.org/obo/NCIT_C17009",
      "type" : "CLASS",
      "lbl" : "Poverty"
    }, {
      "id" : "http://purl.obolibrary.org/obo/NCIT_C17007",
      "type" : "CLASS",
      "lbl" : "Positron Emission Tomography"
    }, {
      "id" : "http://purl.obolibrary.org/obo/NCIT_C20046",
      "type" : "CLASS",
      "lbl" : "Red Meat Consumption"
    }, {
      "id" : "http://purl.obolibrary.org/obo/NCIT_C17369",
      "type" : "CLASS",
      "lbl" : "Imaging Technique"
    }, {
      "id" : "http://purl.obolibrary.org/obo/NCIT_C17127",
      "type" : "CLASS",
      "lbl" : "Sex Behavior"
    }, {
      "id" : "http://purl.obolibrary.org/obo/NCIT_C17204",
      "type" : "CLASS",
      "lbl" : "Computed Tomography"
    }, {
      "id" : "http://purl.obolibrary.org/obo/NCIT_C25218",
      "type" : "CLASS",
      "lbl" : "Intervention or Procedure"
    }, {
      "id" : "http://purl.obolibrary.org/obo/NCIT_C38049",
      "type" : "CLASS",
      "lbl" : "Cystography"
    }, {
      "id" : "http://purl.obolibrary.org/obo/NCIT_C19382",
      "type" : "CLASS",
      "lbl" : "Coping Skills"
    }, {
      "id" : "http://purl.obolibrary.org/obo/NCIT_C16273",
      "type" : "CLASS",
      "lbl" : "Alcohol Consumption"
    } ],
    "edges" : [ {
      "sub" : "http://purl.obolibrary.org/obo/NCIT_C16502",
      "pred" : "is_a",
      "obj" : "http://purl.obolibrary.org/obo/NCIT_C17369"
    }, {
      "sub" : "http://purl.obolibrary.org/obo/NCIT_C19382",
      "pred" : "is_a",
      "obj" : "http://purl.obolibrary.org/obo/NCIT_C16326"
    }, {
      "sub" : "http://purl.obolibrary.org/obo/NCIT_C20701",
      "pred" : "is_a",
      "obj" : "http://purl.obolibrary.org/obo/NCIT_C18272"
    }, {
      "sub" : "http://purl.obolibrary.org/obo/NCIT_C19702",
      "pred" : "is_a",
      "obj" : "http://purl.obolibrary.org/obo/NCIT_C17934"
    }, {
      "sub" : "http://purl.obolibrary.org/obo/NCIT_C17204",
      "pred" : "is_a",
      "obj" : "http://purl.obolibrary.org/obo/NCIT_C16502"
    }, {
      "sub" : "http://purl.obolibrary.org/obo/NCIT_C16326",
      "pred" : "is_a",
      "obj" : "http://purl.obolibrary.org/obo/NCIT_C43431"
    }, {
      "sub" : "http://purl.obolibrary.org/obo/NCIT_C17009",
      "pred" : "is_a",
      "obj" : "http://purl.obolibrary.org/obo/NCIT_C17468"
    }, {
      "sub" : "http://purl.obolibrary.org/obo/NCIT_C103934",
      "pred" : "is_a",
      "obj" : "http://purl.obolibrary.org/obo/NCIT_C20192"
    }, {
      "sub" : "http://purl.obolibrary.org/obo/NCIT_C16818",
      "pred" : "is_a",
      "obj" : "http://purl.obolibrary.org/obo/NCIT_C38101"
    }, {
      "sub" : "http://purl.obolibrary.org/obo/NCIT_C19694",
      "pred" : "is_a",
      "obj" : "http://purl.obolibrary.org/obo/NCIT_C19683"
    }, {
      "sub" : "http://purl.obolibrary.org/obo/NCIT_C20192",
      "pred" : "is_a",
      "obj" : "http://purl.obolibrary.org/obo/NCIT_C25193"
    }, {
      "sub" : "http://purl.obolibrary.org/obo/NCIT_C90384",
      "pred" : "is_a",
      "obj" : "http://purl.obolibrary.org/obo/NCIT_C19706"
    }, {
      "sub" : "http://purl.obolibrary.org/obo/NCIT_C16502",
      "pred" : "is_a",
      "obj" : "http://purl.obolibrary.org/obo/NCIT_C18020"
    }, {
      "sub" : "http://purl.obolibrary.org/obo/NCIT_C19683",
      "pred" : "is_a",
      "obj" : "http://purl.obolibrary.org/obo/NCIT_C16326"
    }, {
      "sub" : "http://purl.obolibrary.org/obo/NCIT_C17934",
      "pred" : "is_a",
      "obj" : "http://purl.obolibrary.org/obo/NCIT_C20134"
    }, {
      "sub" : "http://purl.obolibrary.org/obo/NCIT_C18059",
      "pred" : "is_a",
      "obj" : "http://purl.obolibrary.org/obo/NCIT_C19683"
    }, {
      "sub" : "http://purl.obolibrary.org/obo/NCIT_C16203",
      "pred" : "is_a",
      "obj" : "http://purl.obolibrary.org/obo/NCIT_C43431"
    }, {
      "sub" : "http://purl.obolibrary.org/obo/NCIT_C116448",
      "pred" : "is_a",
      "obj" : "http://purl.obolibrary.org/obo/NCIT_C16502"
    }, {
      "sub" : "http://purl.obolibrary.org/obo/NCIT_C38096",
      "pred" : "is_a",
      "obj" : "http://purl.obolibrary.org/obo/NCIT_C38101"
    }, {
      "sub" : "http://purl.obolibrary.org/obo/NCIT_C19706",
      "pred" : "is_a",
      "obj" : "http://purl.obolibrary.org/obo/NCIT_C19683"
    }, {
      "sub" : "http://purl.obolibrary.org/obo/NCIT_C18020",
      "pred" : "is_a",
      "obj" : "http://purl.obolibrary.org/obo/NCIT_C25218"
    }, {
      "sub" : "http://purl.obolibrary.org/obo/NCIT_C17263",
      "pred" : "is_a",
      "obj" : "http://purl.obolibrary.org/obo/NCIT_C38101"
    }, {
      "sub" : "http://purl.obolibrary.org/obo/NCIT_C20134",
      "pred" : "is_a",
      "obj" : "http://purl.obolibrary.org/obo/NCIT_C19683"
    }, {
      "sub" : "http://purl.obolibrary.org/obo/NCIT_C17468",
      "pred" : "is_a",
      "obj" : "http://purl.obolibrary.org/obo/NCIT_C20188"
    }, {
      "sub" : "http://purl.obolibrary.org/obo/NCIT_C17369",
      "pred" : "is_a",
      "obj" : "http://purl.obolibrary.org/obo/NCIT_C25218"
    }, {
      "sub" : "http://purl.obolibrary.org/obo/NCIT_C61508",
      "pred" : "is_a",
      "obj" : "http://purl.obolibrary.org/obo/NCIT_C38101"
    }, {
      "sub" : "http://purl.obolibrary.org/obo/NCIT_C97630",
      "pred" : "is_a",
      "obj" : "http://purl.obolibrary.org/obo/NCIT_C20192"
    }, {
      "sub" : "http://purl.obolibrary.org/obo/NCIT_C107390",
      "pred" : "is_a",
      "obj" : "http://purl.obolibrary.org/obo/NCIT_C97630"
    }, {
      "sub" : "http://purl.obolibrary.org/obo/NCIT_C19733",
      "pred" : "is_a",
      "obj" : "http://purl.obolibrary.org/obo/NCIT_C19683"
    }, {
      "sub" : "http://purl.obolibrary.org/obo/NCIT_C25193",
      "pred" : "is_a",
      "obj" : "http://purl.obolibrary.org/obo/NCIT_C19160"
    }, {
      "sub" : "http://purl.obolibrary.org/obo/NCIT_C75563",
      "pred" : "is_a",
      "obj" : "http://purl.obolibrary.org/obo/NCIT_C25172"
    }, {
      "sub" : "http://purl.obolibrary.org/obo/NCIT_C17934",
      "pred" : "is_a",
      "obj" : "http://purl.obolibrary.org/obo/NCIT_C18059"
    }, {
      "sub" : "http://purl.obolibrary.org/obo/NCIT_C90484",
      "pred" : "is_a",
      "obj" : "http://purl.obolibrary.org/obo/NCIT_C19706"
    }, {
      "sub" : "http://purl.obolibrary.org/obo/NCIT_C93214",
      "pred" : "is_a",
      "obj" : "http://purl.obolibrary.org/obo/NCIT_C25404"
    }, {
      "sub" : "http://purl.obolibrary.org/obo/NCIT_C17007",
      "pred" : "is_a",
      "obj" : "http://purl.obolibrary.org/obo/NCIT_C17204"
    }, {
      "sub" : "http://purl.obolibrary.org/obo/NCIT_C20175",
      "pred" : "is_a",
      "obj" : "http://purl.obolibrary.org/obo/NCIT_C38101"
    }, {
      "sub" : "http://purl.obolibrary.org/obo/NCIT_C18270",
      "pred" : "is_a",
      "obj" : "http://purl.obolibrary.org/obo/NCIT_C17934"
    }, {
      "sub" : "http://purl.obolibrary.org/obo/NCIT_C25172",
      "pred" : "is_a",
      "obj" : "http://purl.obolibrary.org/obo/NCIT_C19332"
    }, {
      "sub" : "http://purl.obolibrary.org/obo/NCIT_C20188",
      "pred" : "is_a",
      "obj" : "http://purl.obolibrary.org/obo/NCIT_C20181"
    }, {
      "sub" : "http://purl.obolibrary.org/obo/NCIT_C20048",
      "pred" : "is_a",
      "obj" : "http://purl.obolibrary.org/obo/NCIT_C19706"
    }, {
      "sub" : "http://purl.obolibrary.org/obo/NCIT_C61497",
      "pred" : "is_a",
      "obj" : "http://purl.obolibrary.org/obo/NCIT_C25404"
    }, {
      "sub" : "http://purl.obolibrary.org/obo/NCIT_C18272",
      "pred" : "is_a",
      "obj" : "http://purl.obolibrary.org/obo/NCIT_C19683"
    }, {
      "sub" : "http://purl.obolibrary.org/obo/NCIT_C17427",
      "pred" : "is_a",
      "obj" : "http://purl.obolibrary.org/obo/NCIT_C20134"
    }, {
      "sub" : "http://purl.obolibrary.org/obo/NCIT_C96001",
      "pred" : "is_a",
      "obj" : "http://purl.obolibrary.org/obo/NCIT_C61497"
    }, {
      "sub" : "http://purl.obolibrary.org/obo/NCIT_C86589",
      "pred" : "is_a",
      "obj" : "http://purl.obolibrary.org/obo/NCIT_C16795"
    }, {
      "sub" : "http://purl.obolibrary.org/obo/NCIT_C19332",
      "pred" : "is_a",
      "obj" : "http://purl.obolibrary.org/obo/NCIT_C20189"
    }, {
      "sub" : "http://purl.obolibrary.org/obo/NCIT_C38103",
      "pred" : "is_a",
      "obj" : "http://purl.obolibrary.org/obo/NCIT_C38101"
    }, {
      "sub" : "http://purl.obolibrary.org/obo/NCIT_C96001",
      "pred" : "is_a",
      "obj" : "http://purl.obolibrary.org/obo/NCIT_C19683"
    }, {
      "sub" : "http://purl.obolibrary.org/obo/NCIT_C20046",
      "pred" : "is_a",
      "obj" : "http://purl.obolibrary.org/obo/NCIT_C19706"
    }, {
      "sub" : "http://purl.obolibrary.org/obo/NCIT_C17127",
      "pred" : "is_a",
      "obj" : "http://purl.obolibrary.org/obo/NCIT_C19683"
    }, {
      "sub" : "http://purl.obolibrary.org/obo/NCIT_C25404",
      "pred" : "is_a",
      "obj" : "http://purl.obolibrary.org/obo/NCIT_C43431"
    }, {
      "sub" : "http://purl.obolibrary.org/obo/NCIT_C38040",
      "pred" : "is_a",
      "obj" : "http://purl.obolibrary.org/obo/NCIT_C38101"
    }, {
      "sub" : "http://purl.obolibrary.org/obo/NCIT_C90383",
      "pred" : "is_a",
      "obj" : "http://purl.obolibrary.org/obo/NCIT_C19706"
    }, {
      "sub" : "http://purl.obolibrary.org/obo/NCIT_C19035",
      "pred" : "is_a",
      "obj" : "http://purl.obolibrary.org/obo/NCIT_C19683"
    }, {
      "sub" : "http://purl.obolibrary.org/obo/NCIT_C17427",
      "pred" : "is_a",
      "obj" : "http://purl.obolibrary.org/obo/NCIT_C96001"
    }, {
      "sub" : "http://purl.obolibrary.org/obo/NCIT_C19160",
      "pred" : "is_a",
      "obj" : "http://purl.obolibrary.org/obo/NCIT_C20181"
    }, {
      "sub" : "http://purl.obolibrary.org/obo/NCIT_C20026",
      "pred" : "is_a",
      "obj" : "http://purl.obolibrary.org/obo/NCIT_C19733"
    }, {
      "sub" : "http://purl.obolibrary.org/obo/NCIT_C96640",
      "pred" : "is_a",
      "obj" : "http://purl.obolibrary.org/obo/NCIT_C38101"
    }, {
      "sub" : "http://purl.obolibrary.org/obo/NCIT_C38102",
      "pred" : "is_a",
      "obj" : "http://purl.obolibrary.org/obo/NCIT_C38101"
    }, {
      "sub" : "http://purl.obolibrary.org/obo/NCIT_C16273",
      "pred" : "is_a",
      "obj" : "http://purl.obolibrary.org/obo/NCIT_C19683"
    }, {
      "sub" : "http://purl.obolibrary.org/obo/NCIT_C38101",
      "pred" : "is_a",
      "obj" : "http://purl.obolibrary.org/obo/NCIT_C16502"
    }, {
      "sub" : "http://purl.obolibrary.org/obo/NCIT_C38049",
      "pred" : "is_a",
      "obj" : "http://purl.obolibrary.org/obo/NCIT_C38101"
    }, {
      "sub" : "http://purl.obolibrary.org/obo/NCIT_C16795",
      "pred" : "is_a",
      "obj" : "http://purl.obolibrary.org/obo/NCIT_C16326"
    }, {
      "sub" : "http://purl.obolibrary.org/obo/NCIT_C25218",
      "pred" : "is_a",
      "obj" : "http://purl.obolibrary.org/obo/NCIT_C16203"
    }, {
      "sub" : "http://purl.obolibrary.org/obo/NCIT_C16522",
      "pred" : "is_a",
      "obj" : "http://purl.obolibrary.org/obo/NCIT_C18272"
    } ],
    "id" : "http://purl.obolibrary.org/obo/ecto/imports/ncit_import.owl",
    "meta" : {
      "subsets" : [ ],
      "xrefs" : [ ],
      "basicPropertyValues" : [ ]
    },
    "equivalentNodesSets" : [ ],
    "logicalDefinitionAxioms" : [ ],
    "domainRangeAxioms" : [ ],
    "propertyChainAxioms" : [ ]
  } ]
}