{
  "graphs" : [ {
    "nodes" : [ {
      "id" : "http://purl.obolibrary.org/obo/NPO_1733",
      "type" : "CLASS",
      "lbl" : "gamma radiation"
    }, {
      "id" : "http://purl.obolibrary.org/obo/NPO_1744",
      "type" : "CLASS",
      "lbl" : "ultrasound radiation"
    }, {
      "id" : "http://purl.obolibrary.org/obo/NPO_1734",
      "type" : "CLASS",
      "lbl" : "x-ray radiation"
    }, {
      "id" : "http://purl.obolibrary.org/obo/NPO_1735",
      "type" : "CLASS",
      "lbl" : "ultraviolet radiation"
    }, {
      "id" : "http://purl.obolibrary.org/obo/NPO_1736",
      "type" : "CLASS",
      "lbl" : "visible light radiation"
    }, {
      "id" : "http://purl.obolibrary.org/obo/NPO_1737",
      "type" : "CLASS",
      "lbl" : "infrared radiation"
    }, {
      "id" : "http://purl.obolibrary.org/obo/NPO_1738",
      "type" : "CLASS",
      "lbl" : "far-infrared radiation"
    }, {
      "id" : "http://purl.obolibrary.org/obo/NPO_1739",
      "type" : "CLASS",
      "lbl" : "mid-infrared radiation"
    }, {
      "id" : "http://purl.obolibrary.org/obo/NPO_1740",
      "type" : "CLASS",
      "lbl" : "near-infrared radiation"
    }, {
      "id" : "http://purl.obolibrary.org/obo/NPO_1741",
      "type" : "CLASS",
      "lbl" : "microwave radiation"
    }, {
      "id" : "http://purl.obolibrary.org/obo/NPO_1742",
      "type" : "CLASS",
      "lbl" : "radiowave radiation"
    }, {
      "id" : "http://purl.obolibrary.org/obo/NPO_1731",
      "type" : "CLASS",
      "lbl" : "radiation"
    }, {
      "id" : "http://purl.obolibrary.org/obo/NPO_1743",
      "type" : "CLASS",
      "lbl" : "sound radiation"
    }, {
      "id" : "http://purl.obolibrary.org/obo/NPO_1732",
      "type" : "CLASS",
      "lbl" : "electromagnetic radiation"
    } ],
    "edges" : [ {
      "sub" : "http://purl.obolibrary.org/obo/NPO_1742",
      "pred" : "is_a",
      "obj" : "http://purl.obolibrary.org/obo/NPO_1732"
    }, {
      "sub" : "http://purl.obolibrary.org/obo/NPO_1739",
      "pred" : "is_a",
      "obj" : "http://purl.obolibrary.org/obo/NPO_1737"
    }, {
      "sub" : "http://purl.obolibrary.org/obo/NPO_1738",
      "pred" : "is_a",
      "obj" : "http://purl.obolibrary.org/obo/NPO_1737"
    }, {
      "sub" : "http://purl.obolibrary.org/obo/NPO_1732",
      "pred" : "is_a",
      "obj" : "http://purl.obolibrary.org/obo/NPO_1731"
    }, {
      "sub" : "http://purl.obolibrary.org/obo/NPO_1741",
      "pred" : "is_a",
      "obj" : "http://purl.obolibrary.org/obo/NPO_1732"
    }, {
      "sub" : "http://purl.obolibrary.org/obo/NPO_1734",
      "pred" : "is_a",
      "obj" : "http://purl.obolibrary.org/obo/NPO_1732"
    }, {
      "sub" : "http://purl.obolibrary.org/obo/NPO_1733",
      "pred" : "is_a",
      "obj" : "http://purl.obolibrary.org/obo/NPO_1732"
    }, {
      "sub" : "http://purl.obolibrary.org/obo/NPO_1744",
      "pred" : "is_a",
      "obj" : "http://purl.obolibrary.org/obo/NPO_1743"
    }, {
      "sub" : "http://purl.obolibrary.org/obo/NPO_1743",
      "pred" : "is_a",
      "obj" : "http://purl.obolibrary.org/obo/NPO_1731"
    }, {
      "sub" : "http://purl.obolibrary.org/obo/NPO_1736",
      "pred" : "is_a",
      "obj" : "http://purl.obolibrary.org/obo/NPO_1732"
    }, {
      "sub" : "http://purl.obolibrary.org/obo/NPO_1735",
      "pred" : "is_a",
      "obj" : "http://purl.obolibrary.org/obo/NPO_1732"
    }, {
      "sub" : "http://purl.obolibrary.org/obo/NPO_1737",
      "pred" : "is_a",
      "obj" : "http://purl.obolibrary.org/obo/NPO_1732"
    }, {
      "sub" : "http://purl.obolibrary.org/obo/NPO_1740",
      "pred" : "is_a",
      "obj" : "http://purl.obolibrary.org/obo/NPO_1737"
    } ],
    "id" : "http://purl.obolibrary.org/obo/ecto/imports/npo_import.owl",
    "meta" : {
      "subsets" : [ ],
      "xrefs" : [ ],
      "basicPropertyValues" : [ ]
    },
    "equivalentNodesSets" : [ ],
    "logicalDefinitionAxioms" : [ ],
    "domainRangeAxioms" : [ ],
    "propertyChainAxioms" : [ ]
  } ]
}