{
  "graphs" : [ {
    "nodes" : [ {
      "id" : "http://www.geneontology.org/formats/oboInOwl#hasExactSynonym",
      "type" : "PROPERTY",
      "lbl" : "has_exact_synonym"
    }, {
      "id" : "http://www.geneontology.org/formats/oboInOwl#hasDbXref",
      "type" : "PROPERTY",
      "lbl" : "database_cross_reference"
    }, {
      "id" : "http://purl.obolibrary.org/obo/RO_0002211",
      "meta" : {
        "xrefs" : [ {
          "val" : "RO:0002211"
        } ],
        "basicPropertyValues" : [ {
          "pred" : "http://www.geneontology.org/formats/oboInOwl#created_by",
          "val" : "JSmith"
        }, {
          "pred" : "http://www.geneontology.org/formats/oboInOwl#shorthand",
          "val" : "has_component"
        }, {
          "pred" : "http://www.geneontology.org/formats/oboInOwl#hasOBONamespace",
          "val" : "experimental_condition_ontology"
        }, {
          "pred" : "http://www.geneontology.org/formats/oboInOwl#creation_date",
          "val" : "2014-03-07T11:34:22Z"
        } ]
      },
      "type" : "PROPERTY",
      "lbl" : "has_component"
    }, {
      "id" : "http://purl.obolibrary.org/obo/BFO_0000050",
      "meta" : {
        "xrefs" : [ {
          "val" : "BFO:0000050"
        } ],
        "basicPropertyValues" : [ {
          "pred" : "http://www.geneontology.org/formats/oboInOwl#hasOBONamespace",
          "val" : "experimental_condition_ontology"
        }, {
          "pred" : "http://www.geneontology.org/formats/oboInOwl#shorthand",
          "val" : "part_of"
        } ]
      },
      "type" : "PROPERTY",
      "lbl" : "part_of"
    }, {
      "id" : "http://www.geneontology.org/formats/oboInOwl#shorthand",
      "type" : "PROPERTY",
      "lbl" : "shorthand"
    }, {
      "id" : "http://purl.obolibrary.org/obo/XCO_0000214",
      "meta" : {
        "definition" : {
          "val" : "Any substance that makes another substance active or reactive, induces a chemical reaction, or combines with an enzyme to increase its catalytic activity.",
          "xrefs" : [ "Miller-Keane:Miller-Keane_Encyclopedia_and_Dictionary_of_Medicine_Nursing_and_Allied_Health--7th_Ed" ]
        },
        "basicPropertyValues" : [ {
          "pred" : "http://www.geneontology.org/formats/oboInOwl#creation_date",
          "val" : "2012-10-04T05:09:16Z"
        }, {
          "pred" : "http://www.geneontology.org/formats/oboInOwl#created_by",
          "val" : "JSmith"
        }, {
          "pred" : "http://www.geneontology.org/formats/oboInOwl#hasOBONamespace",
          "val" : "experimental_condition_ontology"
        } ]
      },
      "type" : "CLASS",
      "lbl" : "activator"
    }, {
      "id" : "http://purl.obolibrary.org/obo/XCO_0000059",
      "meta" : {
        "definition" : {
          "val" : "Action in which a part of the body or whole body is involved in movement.",
          "xrefs" : [ "Dorland:Dorlands_Illustrated_Medical_Dictionary--31st_Ed", "ISBN:978-1416049982" ]
        },
        "basicPropertyValues" : [ {
          "pred" : "http://www.geneontology.org/formats/oboInOwl#hasOBONamespace",
          "val" : "experimental_condition_ontology"
        }, {
          "pred" : "http://www.geneontology.org/formats/oboInOwl#creation_date",
          "val" : "2009-12-17T01:50:15Z"
        }, {
          "pred" : "http://www.geneontology.org/formats/oboInOwl#created_by",
          "val" : "mshimoyama"
        } ]
      },
      "type" : "CLASS",
      "lbl" : "physical activity"
    }, {
      "id" : "http://www.geneontology.org/formats/oboInOwl#hasOBONamespace",
      "type" : "PROPERTY",
      "lbl" : "has_obo_namespace"
    }, {
      "id" : "http://purl.obolibrary.org/obo/XCO_0000135",
      "meta" : {
        "definition" : {
          "val" : "A drug or other chemical that can combine with a receptor to produce a physiologic reaction typical of a naturally occurring substance. A receptor is a molecule on the surface or within a cell that recognizes and binds with specific molecules, producing a specific effect in the cell.",
          "xrefs" : [ "American_Heritage:The_American_Heritage_Dictionary_of_the_English_Language--4th_Ed", "Dorland:Dorlands_Illustrated_Medical_Dictionary--31st_Ed", "ISBN:978-1416049982" ]
        },
        "basicPropertyValues" : [ {
          "pred" : "http://www.geneontology.org/formats/oboInOwl#hasOBONamespace",
          "val" : "experimental_condition_ontology"
        }, {
          "pred" : "http://www.geneontology.org/formats/oboInOwl#created_by",
          "val" : "JSmith"
        }, {
          "pred" : "http://www.geneontology.org/formats/oboInOwl#creation_date",
          "val" : "2012-03-15T07:46:38Z"
        } ]
      },
      "type" : "CLASS",
      "lbl" : "receptor agonist"
    }, {
      "id" : "http://purl.obolibrary.org/obo/XCO_0000673",
      "meta" : {
        "definition" : {
          "val" : "An agent that selectively binds to and activates alpha-adrenergic receptors.",
          "xrefs" : [ "CHEBI:35569" ]
        },
        "synonyms" : [ {
          "pred" : "hasExactSynonym",
          "val" : "alpha-adrenergic agonists",
          "xrefs" : [ ]
        }, {
          "pred" : "hasExactSynonym",
          "val" : "alpha-adrenergic receptor agonist",
          "xrefs" : [ ]
        }, {
          "pred" : "hasExactSynonym",
          "val" : "alpha-adrenoceptor agonists",
          "xrefs" : [ ]
        } ],
        "basicPropertyValues" : [ {
          "pred" : "http://www.geneontology.org/formats/oboInOwl#created_by",
          "val" : "slaulede"
        }, {
          "pred" : "http://www.geneontology.org/formats/oboInOwl#creation_date",
          "val" : "2020-03-05T16:49:13Z"
        }, {
          "pred" : "http://www.geneontology.org/formats/oboInOwl#hasOBONamespace",
          "val" : "experimental_condition_ontology"
        }, {
          "pred" : "http://www.geneontology.org/formats/oboInOwl#hasAlternativeId",
          "val" : "CHEBI:35569"
        } ]
      },
      "type" : "CLASS",
      "lbl" : "alpha-adrenergic agonist"
    }, {
      "id" : "http://purl.obolibrary.org/obo/XCO_0000672",
      "meta" : {
        "definition" : {
          "val" : "A subclass of polyketides having an octahydrotetracene-2-carboxamide skeleton, substituted with many hydroxy and other groups.",
          "xrefs" : [ "CHEBI:26895" ]
        },
        "basicPropertyValues" : [ {
          "pred" : "http://www.geneontology.org/formats/oboInOwl#hasOBONamespace",
          "val" : "experimental_condition_ontology"
        }, {
          "pred" : "http://www.geneontology.org/formats/oboInOwl#hasAlternativeId",
          "val" : "CHEBI:26895"
        }, {
          "pred" : "http://www.geneontology.org/formats/oboInOwl#creation_date",
          "val" : "2020-03-05T16:13:01Z"
        }, {
          "pred" : "http://www.geneontology.org/formats/oboInOwl#hasAlternativeId",
          "val" : "MESH:D013754"
        }, {
          "pred" : "http://www.geneontology.org/formats/oboInOwl#created_by",
          "val" : "slaulede"
        } ]
      },
      "type" : "CLASS",
      "lbl" : "tetracyclines"
    }, {
      "id" : "http://purl.obolibrary.org/obo/XCO_0000374",
      "meta" : {
        "definition" : {
          "val" : "Surgical transection or severing of an axon, the process of a neuron capable of conducting action potentials or self-propagating nerve impulses away from the cell body.",
          "xrefs" : [ "Dorland:Dorlands_Illustrated_Medical_Dictionary--31st_Ed", "ISBN:978-1416049982", "Mosby:Mosbys_Medical_Dictionary--8th_Ed" ]
        },
        "xrefs" : [ {
          "val" : "MESH:D019771"
        } ],
        "basicPropertyValues" : [ {
          "pred" : "http://www.geneontology.org/formats/oboInOwl#hasOBONamespace",
          "val" : "experimental_condition_ontology"
        }, {
          "pred" : "http://www.geneontology.org/formats/oboInOwl#creation_date",
          "val" : "2014-01-09T14:56:20Z"
        }, {
          "pred" : "http://www.geneontology.org/formats/oboInOwl#created_by",
          "val" : "JSmith"
        } ]
      },
      "type" : "CLASS",
      "lbl" : "axotomy"
    }, {
      "id" : "http://purl.obolibrary.org/obo/XCO_0000373",
      "meta" : {
        "definition" : {
          "val" : "The resection or complete surgical removal of a nerve, any of the cordlike structures that convey impulses between the central nervous system and one or more parts of the body, and that each consist of an outer connective tissue sheath surrounding a bundle of conductive fibers.",
          "xrefs" : [ "Dorland:Dorlands_Illustrated_Medical_Dictionary--31st_Ed", "ISBN:978-1416049982", "Mosby:Mosbys_Dental_Dictionary--2nd_Ed" ]
        },
        "xrefs" : [ {
          "val" : "MESH:D003714"
        } ],
        "basicPropertyValues" : [ {
          "pred" : "http://www.geneontology.org/formats/oboInOwl#hasOBONamespace",
          "val" : "experimental_condition_ontology"
        }, {
          "pred" : "http://www.geneontology.org/formats/oboInOwl#created_by",
          "val" : "JSmith"
        }, {
          "pred" : "http://www.geneontology.org/formats/oboInOwl#creation_date",
          "val" : "2014-01-09T14:52:48Z"
        } ]
      },
      "type" : "CLASS",
      "lbl" : "surgical denervation"
    }, {
      "id" : "http://purl.obolibrary.org/obo/IAO_0000115",
      "type" : "PROPERTY",
      "lbl" : "definition"
    }, {
      "id" : "http://purl.obolibrary.org/obo/BFO_0000051",
      "meta" : {
        "xrefs" : [ {
          "val" : "BFO:0000051"
        } ],
        "basicPropertyValues" : [ {
          "pred" : "http://www.geneontology.org/formats/oboInOwl#hasOBONamespace",
          "val" : "experimental_condition_ontology"
        }, {
          "pred" : "http://www.geneontology.org/formats/oboInOwl#shorthand",
          "val" : "has_part"
        }, {
          "pred" : "http://www.geneontology.org/formats/oboInOwl#created_by",
          "val" : "JSmith"
        }, {
          "pred" : "http://www.geneontology.org/formats/oboInOwl#creation_date",
          "val" : "2014-03-07T11:32:23Z"
        } ]
      },
      "type" : "PROPERTY",
      "lbl" : "has_part"
    }, {
      "id" : "http://purl.obolibrary.org/obo/CHEBI_26895",
      "meta" : {
        "basicPropertyValues" : [ {
          "pred" : "http://purl.obolibrary.org/obo/IAO_0100001",
          "val" : "http://purl.obolibrary.org/obo/XCO_0000672"
        }, {
          "pred" : "http://purl.obolibrary.org/obo/IAO_0000231",
          "val" : "http://purl.obolibrary.org/obo/IAO_0000227"
        } ],
        "deprecated" : true
      },
      "type" : "CLASS"
    }, {
      "id" : "http://purl.obolibrary.org/obo/CHEBI_35522",
      "meta" : {
        "basicPropertyValues" : [ {
          "pred" : "http://purl.obolibrary.org/obo/IAO_0100001",
          "val" : "http://purl.obolibrary.org/obo/XCO_0000665"
        }, {
          "pred" : "http://purl.obolibrary.org/obo/IAO_0000231",
          "val" : "http://purl.obolibrary.org/obo/IAO_0000227"
        } ],
        "deprecated" : true
      },
      "type" : "CLASS"
    }, {
      "id" : "http://purl.obolibrary.org/obo/XCO_0000665",
      "meta" : {
        "definition" : {
          "val" : "A substance that selectively binds to and activates beta-adrenergic receptors.",
          "xrefs" : [ "CHEBI:35522" ]
        },
        "synonyms" : [ {
          "pred" : "hasExactSynonym",
          "val" : "beta-adrenergic receptor agonists",
          "xrefs" : [ ]
        }, {
          "pred" : "hasExactSynonym",
          "val" : "beta-adrenergic agonists",
          "xrefs" : [ ]
        }, {
          "pred" : "hasExactSynonym",
          "val" : "beta-adrenergic receptor agonist",
          "xrefs" : [ ]
        }, {
          "pred" : "hasExactSynonym",
          "val" : "beta-adrenoceptor agonists",
          "xrefs" : [ ]
        } ],
        "basicPropertyValues" : [ {
          "pred" : "http://www.geneontology.org/formats/oboInOwl#created_by",
          "val" : "slaulede"
        }, {
          "pred" : "http://www.geneontology.org/formats/oboInOwl#hasAlternativeId",
          "val" : "CHEBI:35522"
        }, {
          "pred" : "http://www.geneontology.org/formats/oboInOwl#hasOBONamespace",
          "val" : "experimental_condition_ontology"
        }, {
          "pred" : "http://www.geneontology.org/formats/oboInOwl#creation_date",
          "val" : "2020-02-11T14:28:45Z"
        } ]
      },
      "type" : "CLASS",
      "lbl" : "beta-adrenergic agonist"
    }, {
      "id" : "http://purl.obolibrary.org/obo/XCO_0000027",
      "meta" : {
        "definition" : {
          "val" : "Any insertion of a tissue, material or device into the body using a procedure involving incision into the body.",
          "xrefs" : [ "Collins:Collins_Online_English_Dictionary", "Dorland:Dorlands_Illustrated_Medical_Dictionary--31st_Ed", "ISBN:978-1416049982" ]
        },
        "basicPropertyValues" : [ {
          "pred" : "http://www.geneontology.org/formats/oboInOwl#hasOBONamespace",
          "val" : "experimental_condition_ontology"
        } ]
      },
      "type" : "CLASS",
      "lbl" : "surgical implantation"
    }, {
      "id" : "http://purl.obolibrary.org/obo/XCO_0000664",
      "meta" : {
        "definition" : {
          "val" : "An agent that selectively binds to and activates adrenergic receptors.",
          "xrefs" : [ "CHEBI:37886" ]
        },
        "synonyms" : [ {
          "pred" : "hasExactSynonym",
          "val" : "adrenomimetic",
          "xrefs" : [ ]
        }, {
          "pred" : "hasExactSynonym",
          "val" : "adrenergic agonists",
          "xrefs" : [ ]
        }, {
          "pred" : "hasExactSynonym",
          "val" : "adrenomimetics",
          "xrefs" : [ ]
        }, {
          "pred" : "hasExactSynonym",
          "val" : "adrenoceptor agonists",
          "xrefs" : [ ]
        } ],
        "basicPropertyValues" : [ {
          "pred" : "http://www.geneontology.org/formats/oboInOwl#creation_date",
          "val" : "2020-02-11T14:23:32Z"
        }, {
          "pred" : "http://www.geneontology.org/formats/oboInOwl#created_by",
          "val" : "slaulede"
        }, {
          "pred" : "http://www.geneontology.org/formats/oboInOwl#hasOBONamespace",
          "val" : "experimental_condition_ontology"
        } ]
      },
      "type" : "CLASS",
      "lbl" : "adrenergic receptor agonist"
    }, {
      "id" : "http://purl.obolibrary.org/obo/XCO_0000026",
      "meta" : {
        "definition" : {
          "val" : "The process of ablating or extracting an organ, gland or other body part from an organism prior to, or in the process of, an experiment being performed on the organism.",
          "xrefs" : [ "Multiple_Dictionaries:http://www.thefreedictionary.com/" ]
        },
        "basicPropertyValues" : [ {
          "pred" : "http://www.geneontology.org/formats/oboInOwl#hasOBONamespace",
          "val" : "experimental_condition_ontology"
        } ]
      },
      "type" : "CLASS",
      "lbl" : "surgical removal"
    }, {
      "id" : "http://purl.obolibrary.org/obo/CHEBI_35569",
      "meta" : {
        "basicPropertyValues" : [ {
          "pred" : "http://purl.obolibrary.org/obo/IAO_0100001",
          "val" : "http://purl.obolibrary.org/obo/XCO_0000673"
        }, {
          "pred" : "http://purl.obolibrary.org/obo/IAO_0000231",
          "val" : "http://purl.obolibrary.org/obo/IAO_0000227"
        } ],
        "deprecated" : true
      },
      "type" : "CLASS"
    }, {
      "id" : "http://purl.obolibrary.org/obo/XCO_0000002",
      "meta" : {
        "definition" : {
          "val" : "A state in which the organism is not exhibiting any physical exertion.",
          "xrefs" : [ "Dorland:Dorlands_Illustrated_Medical_Dictionary--31st_Ed", "ISBN:978-1416049982" ]
        },
        "basicPropertyValues" : [ {
          "pred" : "http://www.geneontology.org/formats/oboInOwl#hasOBONamespace",
          "val" : "experimental_condition_ontology"
        } ]
      },
      "type" : "CLASS",
      "lbl" : "resting"
    }, {
      "id" : "http://purl.obolibrary.org/obo/XCO_0000001",
      "meta" : {
        "definition" : {
          "val" : "The state of being involved in some action, either physical or mental.",
          "xrefs" : [ "Dorland:Dorlands_Illustrated_Medical_Dictionary--31st_Ed", "ISBN:978-1416049982" ]
        },
        "basicPropertyValues" : [ {
          "pred" : "http://www.geneontology.org/formats/oboInOwl#hasOBONamespace",
          "val" : "experimental_condition_ontology"
        } ]
      },
      "type" : "CLASS",
      "lbl" : "activity"
    }, {
      "id" : "http://purl.obolibrary.org/obo/XCO_0000342",
      "meta" : {
        "definition" : {
          "val" : "Any condition in which the main influencing factor is a substance having a specific molecular composition obtained by or used in a reaction involving changes to atoms or molecules, where that molecular composition explicitly contains one or more particular parts or groups that are held or put together in a particular way.",
          "xrefs" : [ "American_Heritage:The_American_Heritage_Dictionary_of_the_English_Language--4th_Ed", "American_Heritage:The_American_Heritage_Science_Dictionary_2005", "Collins:Collins_Online_English_Dictionary" ]
        },
        "xrefs" : [ {
          "val" : "CHEBI:24431"
        } ],
        "basicPropertyValues" : [ {
          "pred" : "http://www.geneontology.org/formats/oboInOwl#creation_date",
          "val" : "2013-09-03T16:30:12Z"
        }, {
          "pred" : "http://www.geneontology.org/formats/oboInOwl#hasOBONamespace",
          "val" : "experimental_condition_ontology"
        }, {
          "pred" : "http://www.geneontology.org/formats/oboInOwl#created_by",
          "val" : "JSmith"
        } ]
      },
      "type" : "CLASS",
      "lbl" : "chemical with specified structure"
    }, {
      "id" : "http://www.geneontology.org/formats/oboInOwl#hasRelatedSynonym",
      "type" : "PROPERTY",
      "lbl" : "has_related_synonym"
    }, {
      "id" : "http://purl.obolibrary.org/obo/XCO_0000088",
      "meta" : {
        "definition" : {
          "val" : "Any condition in which the main influencing factor is a substance having a specific molecular composition obtained by or used in a reaction involving changes to atoms or molecules.",
          "xrefs" : [ "American_Heritage:The_American_Heritage_Science_Dictionary_2005", "Collins:Collins_Online_English_Dictionary" ]
        },
        "basicPropertyValues" : [ {
          "pred" : "http://www.geneontology.org/formats/oboInOwl#hasOBONamespace",
          "val" : "experimental_condition_ontology"
        }, {
          "pred" : "http://www.geneontology.org/formats/oboInOwl#creation_date",
          "val" : "2010-11-01T01:00:51Z"
        }, {
          "pred" : "http://www.geneontology.org/formats/oboInOwl#created_by",
          "val" : "mshimoyama"
        } ]
      },
      "type" : "CLASS",
      "lbl" : "chemical"
    }, {
      "id" : "http://purl.obolibrary.org/obo/XCO_0000341",
      "meta" : {
        "definition" : {
          "val" : "Any condition in which the main influencing factor is a substance having a specific molecular composition obtained by or used in a reaction involving changes to atoms or molecules and which has the capacity to perform a particular role or initiate or participate in a particular activity or process.",
          "xrefs" : [ "American_Heritage:The_American_Heritage_Science_Dictionary_2005", "Collins:Collins_Online_English_Dictionary", "Mosby:Mosbys_Dental_Dictionary--2nd_Ed" ]
        },
        "xrefs" : [ {
          "val" : "CHEBI:50906"
        } ],
        "synonyms" : [ {
          "pred" : "hasExactSynonym",
          "val" : "chemical with specified role",
          "xrefs" : [ ]
        } ],
        "basicPropertyValues" : [ {
          "pred" : "http://www.geneontology.org/formats/oboInOwl#creation_date",
          "val" : "2013-09-03T16:26:49Z"
        }, {
          "pred" : "http://www.geneontology.org/formats/oboInOwl#created_by",
          "val" : "JSmith"
        }, {
          "pred" : "http://www.geneontology.org/formats/oboInOwl#hasOBONamespace",
          "val" : "experimental_condition_ontology"
        } ]
      },
      "type" : "CLASS",
      "lbl" : "chemical with specified function"
    }, {
      "id" : "http://purl.obolibrary.org/obo/XCO_0000165",
      "meta" : {
        "definition" : {
          "val" : "Any process involving manual and instrumental techniques for incision or excision of a part of an organism to investigate and/or treat a pathological condition.",
          "xrefs" : [ "Wikipedia:http://en.wikipedia.org/wiki/Surgery" ]
        },
        "basicPropertyValues" : [ {
          "pred" : "http://www.geneontology.org/formats/oboInOwl#created_by",
          "val" : "JSmith"
        }, {
          "pred" : "http://www.geneontology.org/formats/oboInOwl#creation_date",
          "val" : "2012-07-11T01:38:55Z"
        }, {
          "pred" : "http://www.geneontology.org/formats/oboInOwl#hasOBONamespace",
          "val" : "experimental_condition_ontology"
        } ]
      },
      "type" : "CLASS",
      "lbl" : "surgical manipulation"
    }, {
      "id" : "http://www.geneontology.org/formats/oboInOwl#hasBroadSynonym",
      "type" : "PROPERTY",
      "lbl" : "has_broad_synonym"
    }, {
      "id" : "http://purl.obolibrary.org/obo/XCO_0000000",
      "meta" : {
        "definition" : {
          "val" : "A state of being, an external or environmental factor or a treatment observed or administered prior to or concurrent with an investigative procedure such as an assessment of a morphological or physiological state or property in a single individual or sample or in a group of individuals or samples, especially a state, factor or treatment which has the potential to influence the outcome of such an assessment.",
          "xrefs" : [ "Multiple_Dictionaries:http://www.thefreedictionary.com/", "PMID:22654893" ]
        },
        "basicPropertyValues" : [ {
          "pred" : "http://www.geneontology.org/formats/oboInOwl#hasOBONamespace",
          "val" : "experimental_condition_ontology"
        } ]
      },
      "type" : "CLASS",
      "lbl" : "experimental condition"
    }, {
      "id" : "http://www.geneontology.org/formats/oboInOwl#hasNarrowSynonym",
      "type" : "PROPERTY",
      "lbl" : "has_narrow_synonym"
    }, {
      "id" : "http://www.geneontology.org/formats/oboInOwl#hasAlternativeId",
      "type" : "PROPERTY",
      "lbl" : "has_alternative_id"
    } ],
    "edges" : [ {
      "sub" : "http://purl.obolibrary.org/obo/XCO_0000088",
      "pred" : "is_a",
      "obj" : "http://purl.obolibrary.org/obo/XCO_0000000"
    }, {
      "sub" : "http://purl.obolibrary.org/obo/XCO_0000665",
      "pred" : "is_a",
      "obj" : "http://purl.obolibrary.org/obo/XCO_0000664"
    }, {
      "sub" : "http://purl.obolibrary.org/obo/XCO_0000002",
      "pred" : "is_a",
      "obj" : "http://purl.obolibrary.org/obo/XCO_0000059"
    }, {
      "sub" : "http://purl.obolibrary.org/obo/XCO_0000027",
      "pred" : "is_a",
      "obj" : "http://purl.obolibrary.org/obo/XCO_0000165"
    }, {
      "sub" : "http://purl.obolibrary.org/obo/XCO_0000214",
      "pred" : "is_a",
      "obj" : "http://purl.obolibrary.org/obo/XCO_0000341"
    }, {
      "sub" : "http://purl.obolibrary.org/obo/XCO_0000341",
      "pred" : "is_a",
      "obj" : "http://purl.obolibrary.org/obo/XCO_0000088"
    }, {
      "sub" : "http://purl.obolibrary.org/obo/XCO_0000165",
      "pred" : "is_a",
      "obj" : "http://purl.obolibrary.org/obo/XCO_0000000"
    }, {
      "sub" : "http://purl.obolibrary.org/obo/XCO_0000026",
      "pred" : "is_a",
      "obj" : "http://purl.obolibrary.org/obo/XCO_0000165"
    }, {
      "sub" : "http://purl.obolibrary.org/obo/XCO_0000342",
      "pred" : "is_a",
      "obj" : "http://purl.obolibrary.org/obo/XCO_0000088"
    }, {
      "sub" : "http://purl.obolibrary.org/obo/XCO_0000664",
      "pred" : "is_a",
      "obj" : "http://purl.obolibrary.org/obo/XCO_0000135"
    }, {
      "sub" : "http://purl.obolibrary.org/obo/XCO_0000373",
      "pred" : "is_a",
      "obj" : "http://purl.obolibrary.org/obo/XCO_0000026"
    }, {
      "sub" : "http://purl.obolibrary.org/obo/XCO_0000135",
      "pred" : "is_a",
      "obj" : "http://purl.obolibrary.org/obo/XCO_0000214"
    }, {
      "sub" : "http://purl.obolibrary.org/obo/XCO_0000673",
      "pred" : "is_a",
      "obj" : "http://purl.obolibrary.org/obo/XCO_0000664"
    }, {
      "sub" : "http://purl.obolibrary.org/obo/XCO_0000374",
      "pred" : "is_a",
      "obj" : "http://purl.obolibrary.org/obo/XCO_0000373"
    }, {
      "sub" : "http://purl.obolibrary.org/obo/XCO_0000059",
      "pred" : "is_a",
      "obj" : "http://purl.obolibrary.org/obo/XCO_0000001"
    }, {
      "sub" : "http://purl.obolibrary.org/obo/XCO_0000001",
      "pred" : "is_a",
      "obj" : "http://purl.obolibrary.org/obo/XCO_0000000"
    }, {
      "sub" : "http://purl.obolibrary.org/obo/XCO_0000672",
      "pred" : "is_a",
      "obj" : "http://purl.obolibrary.org/obo/XCO_0000342"
    } ],
    "id" : "http://purl.obolibrary.org/obo/ecto/imports/xco_import.owl",
    "meta" : {
      "subsets" : [ ],
      "xrefs" : [ ],
      "basicPropertyValues" : [ ],
      "version" : "http://purl.obolibrary.org/obo/ecto/releases/2021-02-11/imports/xco_import.owl"
    },
    "equivalentNodesSets" : [ ],
    "logicalDefinitionAxioms" : [ ],
    "domainRangeAxioms" : [ ],
    "propertyChainAxioms" : [ ]
  } ]
}