iri,iri label,stressor,stressor label
ECTO:0000115,,CHEBI:26523,reactive oxygen species
ECTO:0000116,,CHEBI:18421,superoxide
ECTO:0000117,,CHEBI:26689,singlet dioxygen
ECTO:0000118,,CHEBI:61073,oxygen radical
ECTO:0000119,,CHEBI:2679,amphetamine
ECTO:0000120,,CHEBI:61051,lipid hydroperoxide
ECTO:0000121,,CHEBI:15377,water
ECTO:0000122,,CHEBI:30212,photon
ECTO:0000123,,CHEBI:18153,ethene
ECTO:0000124,,CHEBI:22152,2-cis-abscisic acid
ECTO:0000125,,CHEBI:24250,gibberellin
ECTO:0000126,,CHEBI:22921,brassinosteroid
ECTO:0000127,,CHEBI:16646,carbohydrate
ECTO:0000128,,CHEBI:17992,sucrose
ECTO:0000129,,CHEBI:18133,hexose
ECTO:0000130,,CHEBI:17234,glucose
ECTO:0000131,,CHEBI:28757,fructose
ECTO:0000132,,CHEBI:16914,salicylic acid
ECTO:0000133,,CHEBI:18292,jasmonic acid
ECTO:0000134,,CHEBI:18053,1-aminocyclopropanecarboxylic acid
ECTO:0000135,,CHEBI:50860,organic
ECTO:0000136,,CHEBI:30089,acetate
ECTO:0000137,,CHEBI:24835,inorganic molecular entity
ECTO:0000138,,CHEBI:22916,boron
ECTO:0000139,,CHEBI:16526,carbon dioxide
ECTO:0000140,,CHEBI:25213,metal cation
ECTO:0000141,,CHEBI:24875,iron cation
ECTO:0000142,,CHEBI:29033,iron(2+)
ECTO:0000143,,CHEBI:29034,iron(3+)
ECTO:0000144,,CHEBI:25155,manganese cation
ECTO:0000145,,CHEBI:63056,zinc cation
ECTO:0000146,,CHEBI:63062,aluminium cation
ECTO:0000147,,CHEBI:25516,nickel cation
ECTO:0000148,,CHEBI:49709,chlorate
ECTO:0000149,,CHEBI:37128,caesium molecular entity
ECTO:0000150,,CHEBI:17632,nitrate
ECTO:0000151,,CHEBI:25812,ozone
ECTO:0000152,,CHEBI:17029,chitin
ECTO:0000153,,CHEBI:49713,lithium(1+)
ECTO:0000154,,CHEBI:26271,proline
ECTO:0000155,,CHEBI:35352,organonitrogen compound
ECTO:0000156,,CHEBI:18385,thiamine(1+)
ECTO:0000157,,CHEBI:60250,selenium ion
ECTO:0000158,,CHEBI:60253,silver cation
ECTO:0000159,,CHEBI:60252,lead cation
ECTO:0000160,,CHEBI:27082,trehalose
ECTO:0000161,,CHEBI:18422,sulfur dioxide
ECTO:0000162,,CHEBI:29864,mannitol
ECTO:0000163,,CHEBI:33832,organic cyclic compound
ECTO:0000164,,CHEBI:23453,cycloalkane
ECTO:0000165,,CHEBI:24921,isoquinoline alkaloid
ECTO:0000166,,CHEBI:35615,tropane
ECTO:0000167,,CHEBI:26401,purines
ECTO:0000168,,CHEBI:32952,amine
ECTO:0000169,,CHEBI:5118,fluoxetine
ECTO:0000170,,CHEBI:27732,caffeine
ECTO:0000171,,CHEBI:48080,brefeldin A
ECTO:0000172,,CHEBI:44185,methotrexate
ECTO:0000173,,CHEBI:50858,corticosteroid
ECTO:0000174,,CHEBI:23336,cobalt cation
ECTO:0000175,,CHEBI:39127,magnesium cation
ECTO:0000176,,CHEBI:26546,rhamnose
ECTO:0000177,,CHEBI:23965,estradiol
ECTO:0000178,,CHEBI:8005,peptidoglycan
ECTO:0000179,,CHEBI:59414,muramyl dipeptide
ECTO:0000180,,CHEBI:16412,lipopolysaccharide
ECTO:0000181,,CHEBI:26536,retinoic acid
ECTO:0000182,,CHEBI:17026,progesterone
ECTO:0000183,,CHEBI:28384,vitamin K
ECTO:0000184,,CHEBI:16374,menaquinone
ECTO:0000185,,CHEBI:18067,phylloquinone
ECTO:0000186,,CHEBI:12777,vitamin A
ECTO:0000187,,CHEBI:35923,hydroperoxide
ECTO:0000188,,CHEBI:61050,alkyl hydroperoxide
ECTO:0000189,,CHEBI:33234,vitamin E
ECTO:0000190,,CHEBI:15422,ATP
ECTO:0000191,,CHEBI:17015,riboflavin
ECTO:0000192,,CHEBI:27300,vitamin D
ECTO:0000193,,CHEBI:17347,testosterone
ECTO:0000194,,CHEBI:30411,cobalamin
ECTO:0000195,,CHEBI:29073,L-ascorbic acid
ECTO:0000196,,CHEBI:38755,hydroxyisoflavone
ECTO:0000197,,CHEBI:28088,genistein
ECTO:0000198,,CHEBI:5391,glucagon
ECTO:0000199,,CHEBI:17790,methanol
ECTO:0000200,,CHEBI:18059,lipid
ECTO:0000201,,CHEBI:17855,triglyceride
ECTO:0000202,,CHEBI:30563,silicon dioxide
ECTO:0000203,,CHEBI:30823,oleate
ECTO:0000204,,CHEBI:35381,monosaccharide
ECTO:0000205,,CHEBI:36233,disaccharide
ECTO:0000206,,CHEBI:17306,maltose
ECTO:0000207,,CHEBI:17245,carbon monoxide
ECTO:0000208,,CHEBI:27306,vitamin B6
ECTO:0000209,,CHEBI:26333,prostaglandin
ECTO:0000210,,CHEBI:26338,prostaglandins E
ECTO:0000211,,CHEBI:26340,prostaglandins F
ECTO:0000212,,CHEBI:26345,prostaglandins I
ECTO:0000213,,CHEBI:18295,histamine
ECTO:0000214,,CHEBI:16688,ecdysone
ECTO:0000215,,CHEBI:18723,nicotine
ECTO:0000216,,CHEBI:26776,stilbenoid
ECTO:0000217,,CHEBI:33101,nitrogen dioxide
ECTO:0000218,,CHEBI:29103,potassium(1+)
ECTO:0000219,,CHEBI:46024,trichostatin A
ECTO:0000220,,CHEBI:2639,amiloride
ECTO:0000221,,CHEBI:16830,methylamine
ECTO:0000222,,CHEBI:6887,methylphenidate
ECTO:0000223,,CHEBI:175901,gemcitabine
ECTO:0000224,,CHEBI:87631,statin
ECTO:0000225,,CHEBI:49603,lapatinib
ECTO:0000226,,CHEBI:46345,5-fluorouracil
ECTO:0000227,,CHEBI:65173,iloperidone
ECTO:0000228,,CHEBI:65172,ximelagatran
ECTO:0000229,,CHEBI:15889,sterol
ECTO:0000230,,CHEBI:27958,cocaine
ECTO:0000231,,CHEBI:24431,chemical entity
ECTO:0000232,,CHEBI:16240,hydrogen peroxide
ECTO:0000233,,CHEBI:33709,amino acid
ECTO:0000234,,CHEBI:25017,leucine
ECTO:0000235,,CHEBI:17303,morphine
ECTO:0000236,,CHEBI:22315,alkaloid
ECTO:0000237,,CHEBI:67208,double-stranded RNA
ECTO:0000238,,CHEBI:25905,peptide hormone
ECTO:0000239,,CHEBI:65311,corticotropin-releasing hormone
ECTO:0000241,,CHEBI:28057,amylopectin
ECTO:0000242,,CHEBI:27941,pullulan
ECTO:0000243,,CHEBI:16236,ethanol
ECTO:0000244,,CHEBI:25698,ether
ECTO:0000245,,CHEBI:48081,bacteriocin
ECTO:0000246,,CHEBI:17076,streptomycin
ECTO:0000247,,CHEBI:16130,DDT
ECTO:0000248,,CHEBI:13941,carbamate
ECTO:0000249,,CHEBI:23457,cyclodiene organochlorine insecticide
ECTO:0000250,,CHEBI:25710,organophosphorus compound
ECTO:0000251,,CHEBI:22632,arsenic
ECTO:0000252,,CHEBI:63063,cadmium cation
ECTO:0000253,,CHEBI:35404,chromate(2-)
ECTO:0000254,,CHEBI:23378,copper cation
ECTO:0000255,,CHEBI:25197,mercury cation
ECTO:0000256,,CHEBI:60271,tellurium ion
ECTO:0000257,,CHEBI:27641,cycloheximide
ECTO:0000258,,CHEBI:26764,steroid hormone
ECTO:0000259,,CHEBI:24261,glucocorticoid
ECTO:0000260,,CHEBI:25354,mineralocorticoid
ECTO:0000261,,CHEBI:16827,corticosterone
ECTO:0000262,,CHEBI:16962,cortisone
ECTO:0000263,,CHEBI:17650,cortisol
ECTO:0000264,,CHEBI:17489,"3',5'-cyclic AMP"
ECTO:0000265,,CHEBI:39123,calcium cation
ECTO:0000266,,CHEBI:27470,folic acid
ECTO:0000267,,CHEBI:17158,methylglyoxal
ECTO:0000268,,CHEBI:49747,methylmercury(1+)
ECTO:0000269,,CHEBI:6495,lipoprotein
ECTO:0000270,,CHEBI:35274,ammonium ion
ECTO:0000271,,CHEBI:16356,"3',5'-cyclic GMP"
ECTO:0000272,,CHEBI:28640,lipoteichoic acid
ECTO:0000273,,CHEBI:63526,platinum cation
ECTO:0000274,,CHEBI:35366,fatty acid
ECTO:0000275,,CHEBI:30245,linoleate
ECTO:0000276,,CHEBI:16113,cholesterol
ECTO:0000277,,CHEBI:15956,biotin
ECTO:0000278,,CHEBI:28304,heparin
ECTO:0000279,,CHEBI:62932,mycophenolate
ECTO:0000280,,CHEBI:41879,dexamethasone
ECTO:0000281,,CHEBI:24814,indole-3-methanol
ECTO:0000282,,CHEBI:16480,nitric oxide
ECTO:0000283,,CHEBI:26337,prostaglandins D
ECTO:0000284,,CHEBI:63534,monoamine
ECTO:0000285,,CHEBI:33567,catecholamine
ECTO:0000286,,CHEBI:33568,adrenaline
ECTO:0000287,,CHEBI:33569,noradrenaline
ECTO:0000288,,CHEBI:85543,bismuth ion
ECTO:0000289,,CHEBI:25255,methyl methanesulfonate
ECTO:0000290,,CHEBI:41218,mercaptoethanol
ECTO:0000291,,CHEBI:8984,sodium dodecyl sulfate
ECTO:0000292,,CHEBI:30911,glucitol
ECTO:0000293,,CHEBI:44423,hydroxyurea
ECTO:0000294,,CHEBI:45979,thiabendazole
ECTO:0000295,,CHEBI:27666,actinomycin D
ECTO:0000296,,CHEBI:27899,cisplatin
ECTO:0000297,,CHEBI:18320,"1,4-dithiothreitol"
ECTO:0000298,,CHEBI:40036,amitrole
ECTO:0000299,,CHEBI:16907,4-nitroquinoline N-oxide
ECTO:0000300,,CHEBI:3259,CCCP
ECTO:0000301,,CHEBI:569624,papulacandin B
ECTO:0000302,,CHEBI:15738,staurosporine
ECTO:0000303,,CHEBI:64090,tert-butyl hydroperoxide
ECTO:0000304,,CHEBI:48958,"1,1'-azobis(N,N-dimethylformamide)"
ECTO:0000305,,CHEBI:30746,benzoic acid
ECTO:0000306,,CHEBI:33070,indole-3-butyric acid
ECTO:0000307,,CHEBI:16301,nitrite
ECTO:0000308,,CHEBI:27570,histidine
ECTO:0000309,,CHEBI:28044,phenylalanine
ECTO:0000310,,CHEBI:58429,"alpha,alpha-trehalose 6-phosphate(2-)"
ECTO:0000311,,CHEBI:26004,phenylpropanoid
ECTO:0000312,,CHEBI:18332,L-thyroxine
ECTO:0000313,,CHEBI:40910,azide anion
ECTO:0000314,,CHEBI:30879,alcohol
ECTO:0000315,,CHEBI:28600,farnesol
ECTO:0000316,,CHEBI:506227,N-acetyl-D-glucosamine
ECTO:0000317,,CHEBI:31355,carboplatin
ECTO:0000318,,CHEBI:60761,5-fluoro-2'-deoxyuridine
ECTO:0000319,,CHEBI:28680,cytarabine
ECTO:0000320,,CHEBI:7735,olanzapine
ECTO:0000321,,CHEBI:8028,perphenazine
ECTO:0000322,,CHEBI:8707,quetiapine
ECTO:0000323,,CHEBI:8871,risperidone
ECTO:0000324,,CHEBI:10119,ziprasidone
ECTO:0000325,,CHEBI:3766,clozapine
ECTO:0000326,,CHEBI:17698,chloramphenicol
ECTO:0000327,,CHEBI:48923,erythromycin
ECTO:0000328,,CHEBI:9688,trichodermin
ECTO:0000329,,CHEBI:22584,antimycin A
ECTO:0000330,,CHEBI:27902,tetracycline
ECTO:0000331,,CHEBI:61057,tacrolimus hydrate
ECTO:0000332,,CHEBI:23527,cytochalasin B
ECTO:0000333,,CHEBI:52646,leptomycin B
ECTO:0000334,,CHEBI:497734,L-thialysine
ECTO:0000335,,CHEBI:609827,L-canavanine
ECTO:0000336,,CHEBI:9168,sirolimus
ECTO:0000337,,CHEBI:17561,L-cysteine
ECTO:0000338,,CHEBI:16856,glutathione
ECTO:0000339,,CHEBI:28885,butan-1-ol
ECTO:0000340,,CHEBI:16716,benzene
ECTO:0000341,,CHEBI:17578,toluene
ECTO:0000342,,CHEBI:30751,formic acid
ECTO:0000343,,CHEBI:34768,furfural
ECTO:0000344,,CHEBI:28831,propan-1-ol
ECTO:0000345,,CHEBI:38853,decalin
ECTO:0000346,,CHEBI:39258,diphenyl ether
ECTO:0000347,,CHEBI:35008,tetralin
ECTO:0000348,,CHEBI:29021,hexane
ECTO:0000349,,CHEBI:27417,p-xylene
ECTO:0000350,,CHEBI:27338,xylene
ECTO:0000351,,CHEBI:29222,hypochlorite
ECTO:0000352,,CHEBI:16634,raffinose
ECTO:0000353,,CHEBI:46195,paracetamol
ECTO:0000354,,CHEBI:45863,paclitaxel
ECTO:0000355,,CHEBI:3347,candesartan
ECTO:0000356,,CHEBI:5001,fenofibrate
ECTO:0000357,,CHEBI:6801,metformin
ECTO:0000358,,CHEBI:63580,ribavirin
ECTO:0000359,,CHEBI:47600,purvalanol A
ECTO:0000360,,CHEBI:3015,benomyl
ECTO:0000361,,CHEBI:34905,paraquat
ECTO:0000362,,CHEBI:27656,camptothecin
ECTO:0000363,,CHEBI:70778,GW 7647
ECTO:0000364,,CHEBI:70773,capsazepine
ECTO:0000365,,CHEBI:70726,hesperadin
ECTO:0000366,,CHEBI:70723,reversine
ECTO:0000367,,CHEBI:3392,carbendazim
ECTO:0000368,,CHEBI:16670,peptide
ECTO:0000369,,CHEBI:17087,ketone
ECTO:0000370,,CHEBI:51143,nitrogen
ECTO:0000371,,CHEBI:25806,oxygen molecular entity
ECTO:0000372,,CHEBI:9398,tamsulosin
ECTO:0000373,,CHEBI:6121,ketamine
ECTO:0000374,,CHEBI:29988,L-glutamate(2-)
ECTO:0000375,,CHEBI:24866,salt
ECTO:0000376,,CHEBI:68508,diethyl maleate
ECTO:0000377,,CHEBI:24848,inositol
ECTO:0000378,,CHEBI:23053,catechin
ECTO:0000379,,CHEBI:68487,strigolactone
ECTO:0000380,,CHEBI:3638,chloroquine
ECTO:0000381,,CHEBI:5870,imidacloprid
ECTO:0000382,,CHEBI:46442,vanadate(3-)
ECTO:0000383,,CHEBI:4027,cyclophosphamide
ECTO:0000384,,CHEBI:59809,docetaxel trihydrate
ECTO:0000385,,CHEBI:28748,doxorubicin
ECTO:0000386,,CHEBI:4911,etoposide
ECTO:0000387,,CHEBI:47898,4'-epidoxorubicin
ECTO:0000388,,CHEBI:46261,N-phenylthiourea
ECTO:0000389,,CHEBI:17051,fluoride
ECTO:0000390,,CHEBI:46645,isobutanol
ECTO:0000391,,CHEBI:8273,plumbagin
ECTO:0000392,,CHEBI:18310,alkane
ECTO:0000393,,CHEBI:32892,nonane
ECTO:0000394,,CHEBI:41808,decane
ECTO:0000395,,CHEBI:46342,undecane
ECTO:0000396,,CHEBI:28817,dodecane
ECTO:0000397,,CHEBI:62805,isooctane
ECTO:0000398,,CHEBI:64598,"1-(3,5-dichloro-2,6-dihydroxy-4-methoxyphenyl)hexan-1-one"
ECTO:0000399,,CHEBI:33848,polycyclic arene
ECTO:0000400,,CHEBI:18243,dopamine
ECTO:0000401,,CHEBI:3098,bile acid
ECTO:0000402,,CHEBI:24400,glycoside
ECTO:0000403,,CHEBI:16494,lipoic acid
ECTO:0000404,,CHEBI:9150,simvastatin
ECTO:0000405,,CHEBI:13719,acetylsalicylate
ECTO:0000406,,CHEBI:37941,clopidogrel
ECTO:0000407,,CHEBI:28689,dehydroepiandrosterone
ECTO:0000408,,CHEBI:16973,11-deoxycorticosterone
ECTO:0000409,,CHEBI:17968,butyrate
ECTO:0000410,,CHEBI:16467,L-arginine
ECTO:0000411,,CHEBI:16134,ammonia
ECTO:0000412,,CHEBI:29866,arsenite(3-)
ECTO:0000413,,CHEBI:22633,arsenite ion
ECTO:0000414,,CHEBI:33216,bisphenol A
ECTO:0000415,,CHEBI:17514,cyanide
ECTO:0000416,,CHEBI:29678,sodium arsenite
ECTO:0000417,,CHEBI:28619,acrylamide
ECTO:0000418,,CHEBI:49703,latrunculin B
ECTO:0000419,,CHEBI:600520,micafungin
ECTO:0000420,,CHEBI:64220,monosodium glutamate
ECTO:0000421,,CHEBI:63933,Aroclor 1254
ECTO:0000422,,CHEBI:28790,serotonin
ECTO:0000423,,CHEBI:80690,Thyroglobulin triiodothyronine
ECTO:0000424,,CHEBI:27584,aldosterone
ECTO:0000425,,CHEBI:28498,acadesine
ECTO:0000426,,CHEBI:9937,vasopressin
ECTO:0000427,,CHEBI:79516,Nonylphenol
ECTO:0000428,,CHEBI:47781,desipramine
ECTO:0000429,,CHEBI:29014,cordycepin
ECTO:0000430,,CHEBI:49496,gold(3+)
ECTO:0000431,,CHEBI:35340,methamphetamine hydrochloride
ECTO:0000432,,CHEBI:44811,2-O-acetyl-1-O-hexadecyl-sn-glycero-3-phosphocholine
ECTO:0000433,,CHEBI:42471,forskolin
ECTO:0000434,,CHEBI:31746,kainic acid
ECTO:0000435,,CHEBI:37586,sodium phosphate
ECTO:0000436,,CHEBI:84144,L-phenylalanine derivative
ECTO:0000437,,CHEBI:81567,Thyroid stimulating hormone
ECTO:0000438,,CHEBI:34892,nocodazole
ECTO:0000439,,CHEBI:16842,formaldehyde
ECTO:0000440,,CHEBI:28328,D-galactosamine
ECTO:0000441,,CHEBI:15765,L-dopa
ECTO:0000442,,CHEBI:67016,tetrahydrofolate
ECTO:0000443,,CHEBI:4903,17alpha-ethynylestradiol
ECTO:0000444,,CHEBI:15843,arachidonic acid
ECTO:0000445,,CHEBI:4470,dextromethorphan
ECTO:0000446,,CHEBI:4638,diphenidol
ECTO:0000447,,CHEBI:62837,1-oleoyl-sn-glycerol 3-phosphate
ECTO:0000448,,CHEBI:52289,wortmannin
ECTO:0000449,,CHEBI:29699,tunicamycin
ECTO:0000450,,CHEBI:9516,thapsigargin
ECTO:0000451,,CHEBI:51349,polyamine macromolecule
ECTO:0000452,,CHEBI:17148,putrescine
ECTO:0000453,,CHEBI:17089,glycoprotein
ECTO:0000454,,CHEBI:64243,monosodium L-glutamate
ECTO:0000455,,CHEBI:34317,"3,3',4,4',5-pentachlorobiphenyl"
ECTO:0000456,,CHEBI:28119,"2,3,7,8-tetrachlorodibenzodioxine"
ECTO:0000457,,CHEBI:17097,biphenyl
ECTO:0000458,,CHEBI:28262,dimethyl sulfoxide
ECTO:0000459,,CHEBI:37537,phorbol 13-acetate 12-myristate
ECTO:0000460,,CHEBI:35190,diterpene
ECTO:0000461,,CHEBI:24278,glucoside
ECTO:0000462,,CHEBI:63954,ionomycin
ECTO:0000463,,CHEBI:27881,resveratrol
ECTO:0000464,,CHEBI:16811,methionine
ECTO:0000465,,CHEBI:39352,dinitrophenol
ECTO:0000466,,CHEBI:3962,curcumin
ECTO:0000467,,CHEBI:64645,beta-amyloid
ECTO:0000468,,CHEBI:28201,rotenone
ECTO:0000469,,CHEBI:34342,3-methylcholanthrene
ECTO:0000470,,CHEBI:27385,tetrachloromethane
ECTO:0000471,,CHEBI:69136,latrunculin A
ECTO:0000472,,CHEBI:28787,nitroglycerin
ECTO:0000473,,CHEBI:18050,L-glutamine
ECTO:0000474,,CHEBI:16136,hydrogen sulfide
ECTO:0000475,,CHEBI:28716,palmitoleic acid
ECTO:0000476,,CHEBI:22907,bleomycin
ECTO:0000477,,CHEBI:4629,diosgenin
ECTO:0000478,,CHEBI:5613,haloperidol
ECTO:0000479,,CHEBI:15355,acetylcholine
ECTO:0000480,,CHEBI:72564,temozolomide
ECTO:0000481,,CHEBI:33497,transition element
ECTO:0000482,,CHEBI:33969,gold
ECTO:0000483,,CHEBI:48433,angiotensin
ECTO:0000484,,CHEBI:4705,double-stranded DNA
ECTO:0001063,,CHEBI:15379,dioxygen
ECTO:0001108,,CHEBI:22271,aflatoxin
ECTO:0001136,,CHEBI:15930,atrazine
ECTO:0001137,,CHEBI:26092,phthalate
ECTO:0001138,,CHEBI:27789,"1,2-dichloroethane"
ECTO:0001139,,CHEBI:28097,chlorobenzene
ECTO:0001140,,CHEBI:15767,dichloromethane
ECTO:0001141,,CHEBI:16101,ethylbenzene
ECTO:0001142,,CHEBI:27798,nitrobenzene
ECTO:0001143,,CHEBI:27452,styrene
ECTO:0001144,,CHEBI:17300,tetrachloroethene
ECTO:0001145,,CHEBI:16602,trichloroethene
ECTO:0001146,,CHEBI:28063,o-xylene
ECTO:0001147,,CHEBI:18022,thiocyanate
ECTO:0001148,,CHEBI:37143,organofluorine compound
ECTO:0001149,,CHEBI:33406,organoarsenic compound
ECTO:0001151,,CHEBI:53156,polychlorobiphenyl
ECTO:0001152,,CHEBI:36683,organochlorine compound
ECTO:0001155,,CHEBI:100241,ciprofloxacin
ECTO:0001156,,CHEBI:100246,norfloxacin
ECTO:0001157,,CHEBI:102166,thiopental
ECTO:0001158,,CHEBI:102265,sulfamethazine
ECTO:0001159,,CHEBI:10588,1-(3-chlorophenyl)piperazine
ECTO:0001160,,CHEBI:107736,metoclopramide
ECTO:0001161,,CHEBI:115196,2-hydroxybenzothiazole
ECTO:0001162,,CHEBI:116509,diuron
ECTO:0001163,,CHEBI:127342,atomoxetine
ECTO:0001164,,CHEBI:132842,sulfapyridine
ECTO:0001165,,CHEBI:1367,"3,3',4,4'-tetrachlorobiphenyl"
ECTO:0001166,,CHEBI:15407,(-)-ephedrine
ECTO:0001167,,CHEBI:15964,cyclohexylsulfamic acid
ECTO:0001168,,CHEBI:160246,aminophenazone
ECTO:0001169,,CHEBI:16227,pyridine
ECTO:0001170,,CHEBI:16482,naphthalene
ECTO:0001171,,CHEBI:16548,chlordecone
ECTO:0001172,,CHEBI:16598,DDE
ECTO:0001173,,CHEBI:167099,benzo[d]isothiazol-3-one
ECTO:0001174,,CHEBI:16714,codeine
ECTO:0001175,,CHEBI:168396,mycophenolic acid
ECTO:0001176,,CHEBI:17043,biphenyl-2-ol
ECTO:0001177,,CHEBI:17192,"3,5-dibromo-4-hydroxybenzonitrile"
ECTO:0001178,,CHEBI:17658,tylosin
ECTO:0001179,,CHEBI:19503,propachlor
ECTO:0001180,,CHEBI:22472,ametryn
ECTO:0001181,,CHEBI:2394,acetochlor
ECTO:0001182,,CHEBI:2533,alachlor
ECTO:0001183,,CHEBI:2549,albuterol
ECTO:0001184,,CHEBI:2564,aldrin
ECTO:0001185,,CHEBI:26276,prometryn
ECTO:0001186,,CHEBI:2665,amitraz
ECTO:0001187,,CHEBI:2666,amitriptyline
ECTO:0001188,,CHEBI:27454,"1-chloro-2,2-bis(4'-chlorophenyl)ethylene"
ECTO:0001189,,CHEBI:27496,simazine
ECTO:0001190,,CHEBI:27500,4-aminobenzenesulfonic acid
ECTO:0001191,,CHEBI:28196,erythromycin B
ECTO:0001192,,CHEBI:28239,erythromycin E
ECTO:0001193,,CHEBI:28331,erythromycin D
ECTO:0001194,,CHEBI:28428,beta-hexachlorocyclohexane
ECTO:0001195,,CHEBI:28487,reserpine
ECTO:0001196,,CHEBI:2877,aspartame
ECTO:0001197,,CHEBI:28851,phenanthrene
ECTO:0001198,,CHEBI:28854,"2,4-D"
ECTO:0001199,,CHEBI:2904,atenolol
ECTO:0001200,,CHEBI:2911,atorvastatin calcium trihydrate
ECTO:0001201,,CHEBI:2955,azithromycin
ECTO:0001202,,CHEBI:2962,kresoxim-methyl
ECTO:0001203,,CHEBI:3018,bentazone
ECTO:0001204,,CHEBI:30263,terbutylazine
ECTO:0001205,,CHEBI:30264,simeton
ECTO:0001206,,CHEBI:30898,"naphthalene-2,7-disulfonic acid"
ECTO:0001207,,CHEBI:3090,bicalutamide
ECTO:0001208,,CHEBI:31225,antipyrine
ECTO:0001209,,CHEBI:31556,esatenolol
ECTO:0001210,,CHEBI:31701,iobitridol
ECTO:0001211,,CHEBI:31709,iohexol
ECTO:0001212,,CHEBI:31710,iomeprol
ECTO:0001213,,CHEBI:31711,iopamidol
ECTO:0001214,,CHEBI:3177,bromacil
ECTO:0001215,,CHEBI:32111,saccharin
ECTO:0001216,,CHEBI:32159,sucralose
ECTO:0001217,,CHEBI:32161,sulfadimethoxine
ECTO:0001218,,CHEBI:3219,bupropion
ECTO:0001219,,CHEBI:32888,gamma-hexachlorocyclohexane
ECTO:0001220,,CHEBI:33098,2-nitrotoluene
ECTO:0001221,,CHEBI:3387,carbamazepine
ECTO:0001222,,CHEBI:3394,carbetamide
ECTO:0001223,,CHEBI:34104,1-nitronaphthalene
ECTO:0001224,,CHEBI:34197,"2,2',3,3',5,5'-hexachlorobiphenyl"
ECTO:0001225,,CHEBI:34199,"2,2',3,3',6,6'-hexachlorobiphenyl"
ECTO:0001226,,CHEBI:34202,"2,2',4,4',5,5'-hexachlorobiphenyl"
ECTO:0001227,,CHEBI:34203,"2,2',4,4',6,6'-hexachlorobiphenyl"
ECTO:0001228,,CHEBI:34204,"2,2',4,4'-tetrachlorobiphenyl"
ECTO:0001229,,CHEBI:34205,"2,2',4,5-tetrachlorobiphenyl"
ECTO:0001230,,CHEBI:34206,"2,2',5,5'-tetrachlorobiphenyl"
ECTO:0001231,,CHEBI:34215,"2,3',5-trichlorobiphenyl"
ECTO:0001232,,CHEBI:34216,"2,3,3',4,5-pentachlorobiphenyl"
ECTO:0001233,,CHEBI:34218,"2,3,4,4'-tetrachlorobiphenyl"
ECTO:0001234,,CHEBI:34219,"2,3,4,5,6-pentachlorobiphenyl"
ECTO:0001235,,CHEBI:34221,"2,3,4,5-tetrachlorobiphenyl"
ECTO:0001236,,CHEBI:34222,"2,3,4-trichlorobiphenyl"
ECTO:0001237,,CHEBI:34224,"2,3,5,6-tetrachlorobiphenyl"
ECTO:0001238,,CHEBI:34225,"2,3,6-trichlorobiphenyl"
ECTO:0001239,,CHEBI:34232,"2,4'-dichlorobiphenyl"
ECTO:0001240,,CHEBI:34233,"2,4,4',6-tetrachlorobiphenyl"
ECTO:0001241,,CHEBI:34246,"2,5-dichlorobiphenyl"
ECTO:0001242,,CHEBI:34249,"2,6-dichlorobiphenyl"
ECTO:0001243,,CHEBI:34251,"2,6-dimethylnaphthalene"
ECTO:0001244,,CHEBI:34283,oxybenzone
ECTO:0001245,,CHEBI:34304,fenobucarb
ECTO:0001246,,CHEBI:34326,"3,5-dichlorobiphenyl"
ECTO:0001247,,CHEBI:34364,"4,4'-dichlorobiphenyl"
ECTO:0001248,,CHEBI:34440,4-nonylphenol
ECTO:0001249,,CHEBI:34591,bromodichloromethane
ECTO:0001250,,CHEBI:34623,chlordane
ECTO:0001251,,CHEBI:34631,chlorpyrifos
ECTO:0001252,,CHEBI:34632,chlorpyrifos-methyl
ECTO:0001253,,CHEBI:34666,decachlorobiphenyl
ECTO:0001254,,CHEBI:34682,diazinon
ECTO:0001255,,CHEBI:34687,dibutyl phthalate
ECTO:0001256,,CHEBI:34714,dimethoate
ECTO:0001257,,CHEBI:34719,dinoseb
ECTO:0001258,,CHEBI:34785,heptachlor
ECTO:0001259,,CHEBI:34846,metribuzin
ECTO:0001260,,CHEBI:34852,mirex
ECTO:0001261,,CHEBI:34934,prometon
ECTO:0001262,,CHEBI:35027,trifluralin
ECTO:0001263,,CHEBI:35038,tris(2-butoxyethyl) phosphate
ECTO:0001264,,CHEBI:35445,"3,3',5,5'-tetrachlorobiphenyl"
ECTO:0001265,,CHEBI:35546,perfluorodecanoic acid
ECTO:0001266,,CHEBI:35547,perfluoroheptanoic acid
ECTO:0001267,,CHEBI:35549,perfluorooctanoic acid
ECTO:0001268,,CHEBI:3561,cetirizine
ECTO:0001269,,CHEBI:36718,dichlorobiphenyl
ECTO:0001270,,CHEBI:36719,trichlorobiphenyl
ECTO:0001271,,CHEBI:36720,tetrachlorobiphenyl
ECTO:0001272,,CHEBI:36721,pentachlorobiphenyl
ECTO:0001273,,CHEBI:36722,hexachlorobiphenyl
ECTO:0001274,,CHEBI:36793,(S)-bupropion
ECTO:0001275,,CHEBI:36794,(R)-bupropion
ECTO:0001276,,CHEBI:36810,(trifluoromethyl)benzene
ECTO:0001277,,CHEBI:3697,cilastatin
ECTO:0001278,,CHEBI:3723,citalopram
ECTO:0001279,,CHEBI:3732,clarithromycin
ECTO:0001280,,CHEBI:3745,clindamycin
ECTO:0001281,,CHEBI:3751,clomazone
ECTO:0001282,,CHEBI:3764,clotrimazole
ECTO:0001283,,CHEBI:38067,propazine
ECTO:0001284,,CHEBI:38069,cyanazine
ECTO:0001285,,CHEBI:38214,monuron
ECTO:0001286,,CHEBI:38321,mesotrione
ECTO:0001287,,CHEBI:38397,perfluorononanoic acid
ECTO:0001288,,CHEBI:38449,methoxyfenozide
ECTO:0001289,,CHEBI:38452,tebufenozide
ECTO:0001290,,CHEBI:38508,methiocarb
ECTO:0001291,,CHEBI:38545,rosuvastatin
ECTO:0001292,,CHEBI:38663,ethion
ECTO:0001293,,CHEBI:38746,parathion-methyl
ECTO:0001294,,CHEBI:38843,pirimiphos-methyl
ECTO:0001295,,CHEBI:39068,cis-chlordane
ECTO:0001296,,CHEBI:39069,trans-chlordane
ECTO:0001297,,CHEBI:39096,alpha-hexachlorocyclohexane
ECTO:0001298,,CHEBI:39163,acetamiprid
ECTO:0001299,,CHEBI:39164,(E)-acetamiprid
ECTO:0001300,,CHEBI:39165,(Z)-acetamiprid
ECTO:0001301,,CHEBI:39168,(E)-imidacloprid
ECTO:0001302,,CHEBI:39169,(Z)-imidacloprid
ECTO:0001303,,CHEBI:39175,thiacloprid
ECTO:0001304,,CHEBI:39176,(Z)-thiacloprid
ECTO:0001305,,CHEBI:39177,(E)-clothianidin
ECTO:0001306,,CHEBI:39178,clothianidin
ECTO:0001307,,CHEBI:39185,thiamethoxam
ECTO:0001308,,CHEBI:39186,(E)-thiamethoxam
ECTO:0001309,,CHEBI:39291,flonicamid
ECTO:0001310,,CHEBI:39311,pymetrozine
ECTO:0001311,,CHEBI:39387,teflubenzuron
ECTO:0001312,,CHEBI:39421,perfluorooctane-1-sulfonic acid
ECTO:0001313,,CHEBI:39426,perfluorobutyric acid
ECTO:0001314,,CHEBI:39548,atorvastatin
ECTO:0001315,,CHEBI:39678,metsulfuron methyl
ECTO:0001316,,CHEBI:40237,sitagliptin
ECTO:0001317,,CHEBI:4045,cyprodinil
ECTO:0001318,,CHEBI:40909,azoxystrobin
ECTO:0001319,,CHEBI:41899,"decylamine-N,N-dimethyl-N-oxide"
ECTO:0001320,,CHEBI:42355,erythromycin A
ECTO:0001321,,CHEBI:42724,(R)-amphetamine
ECTO:0001322,,CHEBI:42797,gabapentin
ECTO:0001323,,CHEBI:43415,dexibuprofen
ECTO:0001324,,CHEBI:44156,terbutryn
ECTO:0001325,,CHEBI:44229,naphthalene-2-sulfonic acid
ECTO:0001326,,CHEBI:4469,(S)-amphetamine
ECTO:0001327,,CHEBI:45409,ritonavir
ECTO:0001328,,CHEBI:45924,trimethoprim
ECTO:0001329,,CHEBI:45993,benzothiazole
ECTO:0001330,,CHEBI:46081,fluconazole
ECTO:0001331,,CHEBI:46784,diglyme
ECTO:0001332,,CHEBI:47136,pentachlorobenzene
ECTO:0001333,,CHEBI:47381,diclofenac
ECTO:0001334,,CHEBI:47426,furosemide
ECTO:0001335,,CHEBI:47612,bezafibrate
ECTO:0001336,,CHEBI:47696,"2,4,6-tribromophenol"
ECTO:0001337,,CHEBI:47835,levibuprofen
ECTO:0001338,,CHEBI:4791,endosulfan
ECTO:0001339,,CHEBI:4811,epoxiconazole
ECTO:0001340,,CHEBI:4814,eprosartan
ECTO:0001341,,CHEBI:48236,trichlorofluoromethane
ECTO:0001342,,CHEBI:48347,triclocarban
ECTO:0001343,,CHEBI:4877,ethambutol
ECTO:0001344,,CHEBI:48935,(E)-roxithromycin
ECTO:0001345,,CHEBI:4953,exemestane
ECTO:0001346,,CHEBI:49575,diazepam
ECTO:0001347,,CHEBI:49662,indometacin
ECTO:0001348,,CHEBI:5009,fenoxycarb
ECTO:0001349,,CHEBI:50099,(4-chloro-2-methylphenoxy)acetic acid
ECTO:0001350,,CHEBI:50145,fenpropimorph
ECTO:0001351,,CHEBI:5063,fipronil
ECTO:0001352,,CHEBI:50659,dronedarone
ECTO:0001353,,CHEBI:51041,acamprosate
ECTO:0001354,,CHEBI:51062,(RS)-amphetamine
ECTO:0001355,,CHEBI:53621,chloromethylisothiazolinone
ECTO:0001356,,CHEBI:53691,amidotrizoic acid
ECTO:0001357,,CHEBI:55352,(R)-atenolol
ECTO:0001358,,CHEBI:5692,hexachlorobenzene
ECTO:0001359,,CHEBI:5778,hydrochlorothiazide
ECTO:0001360,,CHEBI:580604,(R)-ketamine
ECTO:0001361,,CHEBI:5855,ibuprofen
ECTO:0001362,,CHEBI:5864,ifosfamide
ECTO:0001363,,CHEBI:59331,mephedrone
ECTO:0001364,,CHEBI:5959,irbesartan
ECTO:0001365,,CHEBI:5962,irgarol 1051
ECTO:0001366,,CHEBI:6047,isoprothiolane
ECTO:0001367,,CHEBI:6049,isoproturon
ECTO:0001368,,CHEBI:60799,esketamine
ECTO:0001369,,CHEBI:6128,ketoprofen
ECTO:0001370,,CHEBI:63578,iopromide
ECTO:0001371,,CHEBI:63618,pravastatin
ECTO:0001372,,CHEBI:63622,sotalol
ECTO:0001373,,CHEBI:6367,lamotrigine
ECTO:0001374,,CHEBI:64045,amisulpride
ECTO:0001375,,CHEBI:6407,lenacil
ECTO:0001376,,CHEBI:64273,erythromycin C
ECTO:0001377,,CHEBI:6432,levamisole
ECTO:0001378,,CHEBI:6437,levetiracetam
ECTO:0001379,,CHEBI:6456,lidocaine
ECTO:0001380,,CHEBI:6482,linuron
ECTO:0001381,,CHEBI:6717,mefenamic acid
ECTO:0001382,,CHEBI:6790,metalaxyl
ECTO:0001383,,CHEBI:6791,metamitron
ECTO:0001384,,CHEBI:6798,metazachlor
ECTO:0001385,,CHEBI:6802,metformin hydrochloride
ECTO:0001386,,CHEBI:6807,methadone
ECTO:0001387,,CHEBI:6809,methamphetamine
ECTO:0001388,,CHEBI:6835,methomyl
ECTO:0001389,,CHEBI:6888,6alpha-methylprednisolone
ECTO:0001390,,CHEBI:6902,metolachlor
ECTO:0001391,,CHEBI:6904,metoprolol
ECTO:0001392,,CHEBI:6909,metronidazole
ECTO:0001393,,CHEBI:6925,microcystin-LR
ECTO:0001394,,CHEBI:7071,"N,N-diethyl-m-toluamide"
ECTO:0001395,,CHEBI:72449,malachite green
ECTO:0001396,,CHEBI:7465,naltrexone
ECTO:0001397,,CHEBI:7476,naproxen
ECTO:0001398,,CHEBI:75281,myclobutanil
ECTO:0001399,,CHEBI:75331,benzotriazole
ECTO:0001400,,CHEBI:75375,dichlorprop
ECTO:0001401,,CHEBI:7554,nicosulfuron
ECTO:0001402,,CHEBI:75711,mecoprop
ECTO:0001403,,CHEBI:76212,triphenylmethane
ECTO:0001404,,CHEBI:76324,N-nitrosopiperidine
ECTO:0001405,,CHEBI:77278,"6-phenyl-2,3,5,6-tetrahydroimidazo[2,1-b][1,3]thiazole"
ECTO:0001406,,CHEBI:77282,dexamisole
ECTO:0001407,,CHEBI:7778,orbencarb
ECTO:0001408,,CHEBI:77850,toxaphene
ECTO:0001410,,CHEBI:7798,oseltamivir
ECTO:0001411,,CHEBI:7823,oxazepam
ECTO:0001413,,CHEBI:78673,cumene hydroperoxide
ECTO:0001414,,CHEBI:78780,pyraclostrobin
ECTO:0001415,,CHEBI:7915,pantoprazole
ECTO:0001416,,CHEBI:81516,"3,4,4',5-Tetrachlorobiphenyl"
ECTO:0001417,,CHEBI:81517,"3,4,5,3',4',5'-Hexachlorobiphenyl"
ECTO:0001418,,CHEBI:81518,"2,3,4,3',4'-Pentachlorobiphenyl"
ECTO:0001419,,CHEBI:81519,"2,3,4,4',5-Pentachlorobiphenyl"
ECTO:0001420,,CHEBI:81520,"2,3',4,4',5-Pentachlorobiphenyl"
ECTO:0001421,,CHEBI:81521,"2,3',4,4',5'-Pentachlorobiphenyl"
ECTO:0001422,,CHEBI:81522,"2,3,3',4,4',5-Hexachlorobiphenyl"
ECTO:0001423,,CHEBI:81523,"2,3,3',4,4',5'-Hexachlorobiphenyl"
ECTO:0001424,,CHEBI:81524,"2,3',4,4',5,5'-Hexachlorobiphenyl"
ECTO:0001425,,CHEBI:81525,"2,3,3',4,4',5,5'-Heptachlorobiphenyl"
ECTO:0001426,,CHEBI:81696,asulam
ECTO:0001427,,CHEBI:81733,desmedipham
ECTO:0001428,,CHEBI:81734,phenmedipham
ECTO:0001429,,CHEBI:81758,cyproconazole
ECTO:0001430,,CHEBI:81760,difenoconazole
ECTO:0001431,,CHEBI:81781,tebuconazole
ECTO:0001432,,CHEBI:81788,cymoxanil
ECTO:0001433,,CHEBI:81789,dimethenamid
ECTO:0001434,,CHEBI:81805,fluazifop
ECTO:0001435,,CHEBI:81806,2-methyl-4-chlorophenoxybutyric acid
ECTO:0001436,,CHEBI:81817,trinexapac-ethyl
ECTO:0001437,,CHEBI:81821,ioxynil
ECTO:0001438,,CHEBI:81822,boscalid
ECTO:0001439,,CHEBI:81824,diflufenican
ECTO:0001440,,CHEBI:81838,chloridazon
ECTO:0001441,,CHEBI:81843,fluazinam
ECTO:0001442,,CHEBI:81848,dimethomorph
ECTO:0001443,,CHEBI:81856,dicamba
ECTO:0001444,,CHEBI:81857,imazamox
ECTO:0001445,,CHEBI:81911,dimethachlor
ECTO:0001446,,CHEBI:81917,fenpropidin
ECTO:0001447,,CHEBI:81920,flufenacet
ECTO:0001448,,CHEBI:81922,flusilazole
ECTO:0001449,,CHEBI:81936,octhilinone
ECTO:0001450,,CHEBI:81941,prosulfocarb
ECTO:0001451,,CHEBI:81945,sulfluramid
ECTO:0001452,,CHEBI:81947,terbumeton
ECTO:0001453,,CHEBI:81981,chlorotoluron
ECTO:0001454,,CHEBI:81990,ethofumesate
ECTO:0001455,,CHEBI:82017,fluroxypyr
ECTO:0001456,,CHEBI:82023,iprovalicarb
ECTO:0001457,,CHEBI:82025,napropamide
ECTO:0001458,,CHEBI:82033,propamocarb
ECTO:0001459,,CHEBI:82034,propaquizafop
ECTO:0001460,,CHEBI:82043,tebutam
ECTO:0001461,,CHEBI:82220,atraton
ECTO:0001462,,CHEBI:82228,secbumeton
ECTO:0001463,,CHEBI:8248,pirimicarb
ECTO:0001464,,CHEBI:83279,3-iodoprop-2-yn-1-yl butylcarbamate
ECTO:0001465,,CHEBI:83453,thifensulfuron-methyl
ECTO:0001466,,CHEBI:83455,5-methyl-1H-benzotriazole
ECTO:0001467,,CHEBI:83465,sulcotrione
ECTO:0001468,,CHEBI:83491,perfluoropentanoic acid
ECTO:0001469,,CHEBI:83492,perfluorohexanoic acid
ECTO:0001470,,CHEBI:83493,perfluoroundecanoic acid
ECTO:0001471,,CHEBI:83494,6:2 fluorotelomer unsaturated carboxylic acid
ECTO:0001472,,CHEBI:83495,8:2 fluorotelomer unsaturated carboxylic acid
ECTO:0001473,,CHEBI:83499,climbazole
ECTO:0001474,,CHEBI:83500,tritosulfuron
ECTO:0001475,,CHEBI:83501,acesulfame
ECTO:0001476,,CHEBI:83502,foramsulfuron
ECTO:0001477,,CHEBI:83503,neotame
ECTO:0001478,,CHEBI:83505,perfluorooctane sulfonamidoacetic acid
ECTO:0001479,,CHEBI:83506,N-methylperfluorooctane sulfonamidoacetic acid
ECTO:0001480,,CHEBI:83507,N-ethylperfluorooctane sulfonamidoacetic acid
ECTO:0001481,,CHEBI:83508,perfluorooctyl phosphate
ECTO:0001482,,CHEBI:83517,iooxitalamic acid
ECTO:0001483,,CHEBI:83518,"4,5-dichloro-2-n-octyl-3(2H)-isothiazolone"
ECTO:0001484,,CHEBI:83521,sebuthylazine
ECTO:0001485,,CHEBI:83523,pethoxamide
ECTO:0001486,,CHEBI:83524,pinoxaden
ECTO:0001487,,CHEBI:83531,moclobemide
ECTO:0001488,,CHEBI:83535,neohesperidin dihydrochalcone
ECTO:0001489,,CHEBI:83536,1-(3-(trifluoromethyl)phenyl)piperazine
ECTO:0001490,,CHEBI:83537,1-benzylpiperazine
ECTO:0001491,,CHEBI:83539,bisperfluorooctyl phosphate
ECTO:0001492,,CHEBI:83540,bisperfluorodecyl phosphate
ECTO:0001493,,CHEBI:83541,perfluorodecyl phosphate
ECTO:0001494,,CHEBI:83569,pendimethalin
ECTO:0001495,,CHEBI:8378,prednisolone
ECTO:0001496,,CHEBI:8412,primidone
ECTO:0001497,,CHEBI:84199,quinmerac
ECTO:0001498,,CHEBI:8434,prochloraz
ECTO:0001499,,CHEBI:8489,propiconazole
ECTO:0001500,,CHEBI:8499,propranolol
ECTO:0001501,,CHEBI:85267,flumequine
ECTO:0001502,,CHEBI:85782,heptachlorobiphenyl
ECTO:0001503,,CHEBI:8674,pyrimethanil
ECTO:0001504,,CHEBI:87094,acid red 4
ECTO:0001505,,CHEBI:8736,(R)-(+)-propranolol
ECTO:0001506,,CHEBI:8746,(R)-salbutamol
ECTO:0001507,,CHEBI:8776,ranitidine
ECTO:0001508,,CHEBI:88173,brilliant green
ECTO:0001509,,CHEBI:88176,brilliant green cation
ECTO:0001510,,CHEBI:88191,Sirius red 4B
ECTO:0001512,,CHEBI:8866,rimsulfuron
ECTO:0001513,,CHEBI:90633,perfluorododecanoic acid
ECTO:0001514,,CHEBI:9241,spironolactone
ECTO:0001515,,CHEBI:9242,spiroxamine
ECTO:0001516,,CHEBI:9328,sulfadiazine
ECTO:0001517,,CHEBI:9332,sulfamethoxazole
ECTO:0001518,,CHEBI:9337,sulfathiazole
ECTO:0001519,,CHEBI:943,"2,6-dichlorobenzonitrile"
ECTO:0001520,,CHEBI:9434,telmisartan
ECTO:0001521,,CHEBI:9648,tramadol
ECTO:0001522,,CHEBI:9682,trichlopyr
ECTO:0001523,,CHEBI:9738,trimipramine
ECTO:0001524,,CHEBI:9927,valsartan
ECTO:0001525,,CHEBI:9943,venlafaxine
ECTO:0001526,,CHEBI:9948,verapamil
ECTO:0001527,,CHEBI:35484,phthalate ester
ECTO:0001528,,CHEBI:34786,Heptachlor epoxide
ECTO:0001529,,CHEBI:30304,antimony(0)
ECTO:0001530,,CHEBI:30440,thallium
ECTO:0001531,,CHEBI:33499,uranium
ECTO:0001532,,CHEBI:28266,fluorene
ECTO:0001533,,CHEBI:36015,"1,1,1-trichloroethane"
ECTO:0001534,,CHEBI:36026,"1,1,2,2-tetrachloroethane"
ECTO:0001535,,CHEBI:36018,"1,1,2-trichloroethane"
ECTO:0001536,,CHEBI:81599,"1,1-Dichloroethane"
ECTO:0001537,,CHEBI:34031,"1,1-dichloroethene"
ECTO:0001538,,CHEBI:34044,"1,2-Dibromo-3-chloropropane"
ECTO:0001539,,CHEBI:35290,"1,2-dichlorobenzene"
ECTO:0001541,,CHEBI:28805,"cis-1,2-dichloroethene"
ECTO:0001542,,CHEBI:29027,"trans-1,2-dichloroethene"
ECTO:0001543,,CHEBI:82163,"1,2-Dichloropropane"
ECTO:0001544,,CHEBI:89052,"2,5-Dimethylfuran"
ECTO:0001545,,CHEBI:47077,dibromomethane
ECTO:0001546,,CHEBI:39227,hexachloroethane
ECTO:0001547,,CHEBI:81584,"2,2',4,4'-Tetrabromodiphenyl ether"
ECTO:0001548,,CHEBI:81582,"2,2',4,4',5-Pentabromodiphenyl ether"
ECTO:0001549,,CHEBI:81534,"2,2',4,4',5,5'-Hexabromodiphenyl ether"
ECTO:0001550,,CHEBI:81535,"2,2',4,4',5,6'-Hexabromodiphenyl ether"
ECTO:0001551,,CHEBI:81537,"2,2',3,4,4',5',6-Heptabromodiphenyl ether"
ECTO:0001552,,CHEBI:85122,paraben
ECTO:0001553,,CHEBI:49706,perchlorate
ECTO:0001555,,CHEBI:28197,daidzein
ECTO:0001556,,CHEBI:81556,Enterodiol
ECTO:0001557,,CHEBI:81555,Enterolactone
ECTO:0001558,,CHEBI:34741,equol
ECTO:0001559,,CHEBI:88902,O-Desmethylangolensin
ECTO:0001560,,CHEBI:82392,Arsenobetaine
ECTO:0001561,,CHEBI:48765,dimethylarsinic acid
ECTO:0001563,,CHEBI:36919,antimony
ECTO:0001564,,CHEBI:37133,barium
ECTO:0001565,,CHEBI:33780,beryllium
ECTO:0001566,,CHEBI:22978,cadmium
ECTO:0001567,,CHEBI:33888,cobalt
ECTO:0001568,,CHEBI:23377,copper
ECTO:0001569,,CHEBI:33585,lead
ECTO:0001570,,CHEBI:25154,manganese
ECTO:0001571,,CHEBI:25196,mercury
ECTO:0001572,,CHEBI:25370,molybdenum
ECTO:0001573,,CHEBI:33364,platinum
ECTO:0001574,,CHEBI:26628,selenium
ECTO:0001575,,CHEBI:37131,strontium
ECTO:0001576,,CHEBI:27008,tin
ECTO:0001577,,CHEBI:33742,tungsten
ECTO:0001578,,CHEBI:27364,zinc
ECTO:0001581,,CHEBI:31835,methylparaben
ECTO:0001582,,CHEBI:29852,methylarsonic acid
ECTO:0001592,,CHEBI:39214,abamectin
ECTO:0001593,,CHEBI:34520,acephate
ECTO:0001594,,CHEBI:15343,acetaldehyde
ECTO:0001595,,CHEBI:27856,acetamide
ECTO:0001596,,CHEBI:38472,acetonitrile
ECTO:0001597,,CHEBI:27632,acetophenone
ECTO:0001598,,CHEBI:17356,2-acetamidofluorene
ECTO:0001599,,CHEBI:15368,acrolein
ECTO:0001600,,CHEBI:18308,acrylic acid
ECTO:0001601,,CHEBI:28217,acrylonitrile
ECTO:0001602,,CHEBI:2555,aldicarb
ECTO:0001603,,CHEBI:39118,(+)-trans-allethrin
ECTO:0001604,,CHEBI:16605,allyl alcohol
ECTO:0001605,,CHEBI:82379,Allyl chloride
ECTO:0001606,,CHEBI:28984,aluminium atom
ECTO:0001607,,CHEBI:38495,aluminium phosphide
ECTO:0001608,,CHEBI:30187,aluminium oxide
ECTO:0001609,,CHEBI:34258,2-Aminoanthraquinone
ECTO:0001610,,CHEBI:233869,4-(phenylazo)aniline
ECTO:0001611,,CHEBI:1784,biphenyl-4-amine
ECTO:0001612,,CHEBI:82382,1-Amino-2-methylanthraquinone
ECTO:0001613,,CHEBI:82304,"1-Amino-2,4-dibromoanthraquinone"
ECTO:0001614,,CHEBI:82076,anilazine
ECTO:0001615,,CHEBI:17296,aniline
ECTO:0001616,,CHEBI:82288,ortho-Anisidine
ECTO:0001617,,CHEBI:35298,anthracene
ECTO:0001618,,CHEBI:46661,asbestos
ECTO:0001619,,CHEBI:32594,barium atom
ECTO:0001620,,CHEBI:34556,bendiocarb
ECTO:0001621,,CHEBI:82273,Benzal chloride
ECTO:0001622,,CHEBI:28179,benzamide
ECTO:0001623,,CHEBI:80495,benzidine
ECTO:0001624,,CHEBI:82274,Benzotrichloride
ECTO:0001625,,CHEBI:82275,Benzoyl chloride
ECTO:0001626,,CHEBI:82405,Benzoyl peroxide
ECTO:0001627,,CHEBI:615597,benzyl chloride
ECTO:0001628,,CHEBI:30501,beryllium atom
ECTO:0001629,,CHEBI:3093,bifenthrin
ECTO:0001631,,CHEBI:82270,Bis(chloromethyl) ether
ECTO:0001632,,CHEBI:82409,Bis(2-chloro-1-methylethyl)ether
ECTO:0001633,,CHEBI:27086,tributylstannane
ECTO:0001634,,CHEBI:33093,boron trifluoride
ECTO:0001635,,CHEBI:84698,bromochlorodifluoromethane
ECTO:0001636,,CHEBI:38682,bromoform
ECTO:0001637,,CHEBI:39275,bromomethane
ECTO:0001638,,CHEBI:3193,Brucine
ECTO:0001639,,CHEBI:39478,"buta-1,3-diene"
ECTO:0001640,,CHEBI:3245,butyl acrylate
ECTO:0001641,,CHEBI:35687,butan-2-ol
ECTO:0001642,,CHEBI:45895,tert-butanol
ECTO:0001643,,CHEBI:15743,butanal
ECTO:0001644,,CHEBI:22977,cadmium atom
ECTO:0001645,,CHEBI:64301,calcium cyanamide
ECTO:0001646,,CHEBI:34608,captan
ECTO:0001647,,CHEBI:3390,carbaryl
ECTO:0001648,,CHEBI:34611,carbofuran
ECTO:0001649,,CHEBI:23012,carbon disulfide
ECTO:0001650,,CHEBI:16573,carbonyl sulfide
ECTO:0001651,,CHEBI:3405,carboxin
ECTO:0001652,,CHEBI:18135,catechol
ECTO:0001653,,CHEBI:34620,quinomethionate
ECTO:0001654,,CHEBI:82183,Chloramben
ECTO:0001655,,CHEBI:76603,chlorendic acid
ECTO:0001656,,CHEBI:47319,ethyl 2-{[(4-chloro-6-methoxypyrimidin-2-yl)carbamoyl]sulfamoyl}benzoate
ECTO:0001657,,CHEBI:23116,chlorine atom
ECTO:0001658,,CHEBI:52357,chlorine dioxide
ECTO:0001659,,CHEBI:27869,chloroacetic acid
ECTO:0001660,,CHEBI:59607,quaternium-15
ECTO:0001661,,CHEBI:20331,4-chloroaniline
ECTO:0001662,,CHEBI:34626,Chlorobenzilate
ECTO:0001663,,CHEBI:82417,Chlorodifluoromethane
ECTO:0001664,,CHEBI:47554,chloroethane
ECTO:0001665,,CHEBI:35255,chloroform
ECTO:0001666,,CHEBI:36014,chloromethane
ECTO:0001667,,CHEBI:82271,Chloromethyl methyl ether
ECTO:0001668,,CHEBI:39285,chloropicrin
ECTO:0001669,,CHEBI:39481,chloroprene
ECTO:0001670,,CHEBI:3639,chlorothalonil
ECTO:0001671,,CHEBI:23237,chromium molecular entity
ECTO:0001672,,CHEBI:82471,Guinea Green B
ECTO:0001673,,CHEBI:82534,Sudan II
ECTO:0001674,,CHEBI:82285,ortho-Aminoazotoluene
ECTO:0001675,,CHEBI:30958,Sudan I
ECTO:0001676,,CHEBI:51874,auramine O free base
ECTO:0001677,,CHEBI:82548,Vat Yellow 4
ECTO:0001678,,CHEBI:27638,cobalt atom
ECTO:0001679,,CHEBI:82307,para-Cresidine
ECTO:0001680,,CHEBI:17231,m-cresol
ECTO:0001681,,CHEBI:28054,o-cresol
ECTO:0001682,,CHEBI:17847,p-cresol
ECTO:0001683,,CHEBI:25399,cresol
ECTO:0001684,,CHEBI:41607,crotonaldehyde
ECTO:0001686,,CHEBI:81955,Cycloate
ECTO:0001687,,CHEBI:29005,cyclohexane
ECTO:0001688,,CHEBI:18099,cyclohexanol
ECTO:0001689,,CHEBI:4034,cyfluthrin
ECTO:0001690,,CHEBI:4035,cyhalothrin
ECTO:0001691,,CHEBI:19351,"(2,4-dichlorophenoxy)acetate"
ECTO:0001692,,CHEBI:75212,dazomet
ECTO:0001693,,CHEBI:73173,"2,4-DB"
ECTO:0001694,,CHEBI:82436,Decabromodiphenyl oxide
ECTO:0001695,,CHEBI:82309,"2,4-Diaminoanisole"
ECTO:0001696,,CHEBI:34237,"2,4-diaminotoluene"
ECTO:0001697,,CHEBI:73716,diazomethane
ECTO:0001698,,CHEBI:28145,dibenzofuran
ECTO:0001699,,CHEBI:28534,"1,2-dibromoethane"
ECTO:0001700,,CHEBI:27864,"2,6-dichloro-4-nitroaniline"
ECTO:0001701,,CHEBI:36693,"1,3-dichlorobenzene"
ECTO:0001702,,CHEBI:28618,"1,4-dichlorobenzene"
ECTO:0001703,,CHEBI:23697,dichlorobenzene
ECTO:0001704,,CHEBI:82315,"3,3'-Dichlorobenzidine"
ECTO:0001705,,CHEBI:82446,"trans-1,4-Dichlorobutene"
ECTO:0001706,,CHEBI:18882,"1,2-dichloroethene"
ECTO:0001707,,CHEBI:28078,4-chlorophenol
ECTO:0001708,,CHEBI:16738,"2,4-dichlorophenol"
ECTO:0001709,,CHEBI:18624,"(E)-1,3-dichloropropene"
ECTO:0001710,,CHEBI:34690,dichlorvos
ECTO:0001711,,CHEBI:4510,Diclofop methyl
ECTO:0001712,,CHEBI:34692,dicofol
ECTO:0001713,,CHEBI:34695,Dicyclopentadiene
ECTO:0001714,,CHEBI:23704,diepoxybutane
ECTO:0001715,,CHEBI:28123,diethanolamine
ECTO:0001716,,CHEBI:34699,diethyl sulfate
ECTO:0001717,,CHEBI:34703,diflubenzuron
ECTO:0001718,,CHEBI:82318,Diglycidyl resorcinol ether
ECTO:0001719,,CHEBI:82319,Dihydrosafrole
ECTO:0001720,,CHEBI:81912,Dimethipin
ECTO:0001721,,CHEBI:82321,"3,3'-Dimethoxybenzidine"
ECTO:0001722,,CHEBI:17170,dimethylamine
ECTO:0001723,,CHEBI:16269,"N,N-dimethylaniline"
ECTO:0001724,,CHEBI:34320,"3,3'-Dimethylbenzidine"
ECTO:0001725,,CHEBI:17741,"N,N-dimethylformamide"
ECTO:0001726,,CHEBI:34241,"2,4-Dimethylphenol"
ECTO:0001727,,CHEBI:4609,Dimethyl phthalate
ECTO:0001728,,CHEBI:59050,dimethyl sulfate
ECTO:0001729,,CHEBI:51397,"1,3-dinitrobenzene"
ECTO:0001730,,CHEBI:34053,"1,2-dinitrobenzene"
ECTO:0001731,,CHEBI:51398,"1,4-dinitrobenzene"
ECTO:0001732,,CHEBI:39349,"4,6-dinitro-o-cresol"
ECTO:0001733,,CHEBI:42017,"2,4-dinitrophenol"
ECTO:0001734,,CHEBI:920,"2,4-dinitrotoluene"
ECTO:0001735,,CHEBI:957,"2,6-dinitrotoluene"
ECTO:0001736,,CHEBI:23822,dinitrotoluene
ECTO:0001737,,CHEBI:83379,dinocap
ECTO:0001738,,CHEBI:47032,"1,4-dioxane"
ECTO:0001739,,CHEBI:81915,Diphenamid
ECTO:0001740,,CHEBI:4640,diphenylamine
ECTO:0001741,,CHEBI:27924,phenylhydrazine
ECTO:0001742,,CHEBI:74880,1-dodecylguanidine
ECTO:0001743,,CHEBI:37144,epichlorohydrin
ECTO:0001744,,CHEBI:38665,ethoprophos
ECTO:0001745,,CHEBI:46788,2-ethoxyethanol
ECTO:0001746,,CHEBI:82327,Ethyl acrylate
ECTO:0001747,,CHEBI:4738,EPTC
ECTO:0001748,,CHEBI:30742,ethylene glycol
ECTO:0001749,,CHEBI:30969,aziridine
ECTO:0001750,,CHEBI:27561,oxirane
ECTO:0001751,,CHEBI:38677,famphur
ECTO:0001752,,CHEBI:4998,fenarimol
ECTO:0001753,,CHEBI:39294,fenbutatin oxide
ECTO:0001754,,CHEBI:5008,Fenoxaprop ethyl
ECTO:0001755,,CHEBI:39353,fenpropathrin
ECTO:0001756,,CHEBI:34761,fenthion
ECTO:0001757,,CHEBI:5014,fenvalerate
ECTO:0001758,,CHEBI:5015,ferbam
ECTO:0001759,,CHEBI:5097,Fluazifop butyl
ECTO:0001760,,CHEBI:82012,Fluometuron
ECTO:0001761,,CHEBI:24061,fluorine atom
ECTO:0001762,,CHEBI:5135,fluvalinate
ECTO:0001763,,CHEBI:82019,folpet
ECTO:0001764,,CHEBI:81925,Fomesafen
ECTO:0001765,,CHEBI:35559,furan
ECTO:0001766,,CHEBI:30966,glycidol
ECTO:0001767,,CHEBI:5691,"Hexachloro-1,3-butadiene"
ECTO:0001768,,CHEBI:5693,hexachlorophene
ECTO:0001769,,CHEBI:24565,hexamethylphosphoric triamide
ECTO:0001770,,CHEBI:5705,Hexazinone
ECTO:0001771,,CHEBI:2630,hydramethylnon
ECTO:0001772,,CHEBI:15571,hydrazine
ECTO:0001773,,CHEBI:17883,hydrogen chloride
ECTO:0001774,,CHEBI:18407,hydrogen cyanide
ECTO:0001775,,CHEBI:29228,hydrogen fluoride
ECTO:0001776,,CHEBI:17594,hydroquinone
ECTO:0001777,,CHEBI:81927,enilconazole
ECTO:0001778,,CHEBI:30251,pentacarbonyliron
ECTO:0001779,,CHEBI:48943,isobutyraldehyde
ECTO:0001780,,CHEBI:82100,Isodrin
ECTO:0001781,,CHEBI:35194,isoprene
ECTO:0001782,,CHEBI:17824,propan-2-ol
ECTO:0001783,,CHEBI:6054,Isosafrole
ECTO:0001784,,CHEBI:50127,trifluoromethyl group
ECTO:0001785,,CHEBI:25016,lead atom
ECTO:0001786,,CHEBI:6504,lithium carbonate
ECTO:0001787,,CHEBI:6651,malathion
ECTO:0001788,,CHEBI:474859,maleic anhydride
ECTO:0001789,,CHEBI:33186,malononitrile
ECTO:0001790,,CHEBI:52497,maneb
ECTO:0001791,,CHEBI:18291,manganese atom
ECTO:0001792,,CHEBI:34292,"1,3-benzothiazole-2-thiol"
ECTO:0001793,,CHEBI:82244,Methazole
ECTO:0001794,,CHEBI:6842,methoxychlor
ECTO:0001795,,CHEBI:46790,2-methoxyethanol
ECTO:0001796,,CHEBI:82482,Methyl acrylate
ECTO:0001797,,CHEBI:27642,methyl tert-butyl ether
ECTO:0001798,,CHEBI:32506,"4,4'-diaminodiphenylmethane"
ECTO:0001799,,CHEBI:4918,O-methyleugenol
ECTO:0001800,,CHEBI:39282,iodomethane
ECTO:0001801,,CHEBI:82344,Methyl isobutyl ketone
ECTO:0001802,,CHEBI:59059,methyl isocyanate
ECTO:0001803,,CHEBI:78337,methyl isothiocyanate
ECTO:0001804,,CHEBI:15348,2-hydroxy-2-methylpropanenitrile
ECTO:0001805,,CHEBI:34840,methyl methacrylate
ECTO:0001806,,CHEBI:82492,N-Methylolacrylamide
ECTO:0001807,,CHEBI:50415,2-methylpyridine
ECTO:0001808,,CHEBI:81539,metiram
ECTO:0001809,,CHEBI:38725,mevinphos
ECTO:0001810,,CHEBI:6964,Molinate
ECTO:0001811,,CHEBI:30627,molybdenum trioxide
ECTO:0001812,,CHEBI:25434,bis(2-chloroethyl) sulfide
ECTO:0001813,,CHEBI:81934,nabam
ECTO:0001814,,CHEBI:38729,naled
ECTO:0001815,,CHEBI:50450,1-naphthylamine
ECTO:0001816,,CHEBI:27878,2-naphthylamine
ECTO:0001817,,CHEBI:28112,nickel atom
ECTO:0001818,,CHEBI:81935,Nitrapyrin
ECTO:0001819,,CHEBI:48107,nitric acid
ECTO:0001820,,CHEBI:44557,nitrilotriacetic acid
ECTO:0001821,,CHEBI:17064,4-nitroaniline
ECTO:0001822,,CHEBI:48722,2-nitroanisole
ECTO:0001823,,CHEBI:48977,2-methoxy-5-nitroaniline
ECTO:0001824,,CHEBI:82504,4-Nitrobiphenyl
ECTO:0001825,,CHEBI:7590,Nitrofen
ECTO:0001826,,CHEBI:47553,2-chloroethyl group
ECTO:0001827,,CHEBI:77701,nitromethane
ECTO:0001828,,CHEBI:16260,2-nitrophenol
ECTO:0001829,,CHEBI:16836,4-nitrophenol
ECTO:0001830,,CHEBI:16037,2-nitropropane
ECTO:0001831,,CHEBI:82356,N-Nitrosodi-n-butylamine
ECTO:0001832,,CHEBI:34873,N-nitrosodiethylamine
ECTO:0001833,,CHEBI:35807,N-nitrosodimethylamine
ECTO:0001834,,CHEBI:34875,N-Nitrosodiphenylamine
ECTO:0001835,,CHEBI:82358,N-Nitrosodi-n-propylamine
ECTO:0001836,,CHEBI:50102,N-methyl-N-nitrosourea
ECTO:0001837,,CHEBI:82361,N-Nitrosomethylvinylamine
ECTO:0001838,,CHEBI:76326,N-nitrosomorpholine
ECTO:0001839,,CHEBI:66891,5-nitro-o-toluidine
ECTO:0001840,,CHEBI:50842,norflurazon
ECTO:0001841,,CHEBI:81542,Octachlorostyrene
ECTO:0001842,,CHEBI:73163,oryzalin
ECTO:0001843,,CHEBI:88215,osmium tetroxide
ECTO:0001844,,CHEBI:38735,oxydemeton-methyl
ECTO:0001845,,CHEBI:82029,Oxyfluorfen
ECTO:0001846,,CHEBI:27909,paraldehyde
ECTO:0001847,,CHEBI:28786,paraquat dichloride
ECTO:0001848,,CHEBI:61595,p-nitrophenyl group
ECTO:0001849,,CHEBI:81939,Pebulate
ECTO:0001850,,CHEBI:32881,pentan-3-yl group
ECTO:0001851,,CHEBI:76287,pentachloroethane
ECTO:0001852,,CHEBI:17642,pentachlorophenol
ECTO:0001853,,CHEBI:7984,Pentobarbital sodium
ECTO:0001854,,CHEBI:34911,permethrin
ECTO:0001855,,CHEBI:15882,phenol
ECTO:0001856,,CHEBI:34914,phenolphthalein
ECTO:0001857,,CHEBI:34916,phenothrin
ECTO:0001858,,CHEBI:34043,"1,2-phenylenediamine"
ECTO:0001859,,CHEBI:8092,"1,3-phenylenediamine"
ECTO:0001860,,CHEBI:51403,"1,4-phenylenediamine"
ECTO:0001861,,CHEBI:8107,phenytoin
ECTO:0001862,,CHEBI:29365,phosgene
ECTO:0001863,,CHEBI:35883,phosphine
ECTO:0001864,,CHEBI:26082,phosphorus molecular entity
ECTO:0001865,,CHEBI:36605,phthalic anhydride
ECTO:0001866,,CHEBI:34922,Picloram
ECTO:0001867,,CHEBI:46149,picric acid
ECTO:0001868,,CHEBI:32687,piperonyl butoxide
ECTO:0001869,,CHEBI:38211,potassium bromate
ECTO:0001870,,CHEBI:38845,profenofos
ECTO:0001871,,CHEBI:30353,isopropyl group
ECTO:0001872,,CHEBI:34935,Pronamide
ECTO:0001874,,CHEBI:39300,propargite
ECTO:0001875,,CHEBI:28905,prop-2-yn-1-ol
ECTO:0001876,,CHEBI:38864,propetamphos
ECTO:0001877,,CHEBI:49073,beta-propiolactone
ECTO:0001878,,CHEBI:17153,propanal
ECTO:0001879,,CHEBI:34938,propoxur
ECTO:0001880,,CHEBI:16052,propene
ECTO:0001881,,CHEBI:82340,2-Methylaziridine
ECTO:0001882,,CHEBI:38685,"1,2-epoxypropane"
ECTO:0001883,,CHEBI:17362,quinoline
ECTO:0001884,,CHEBI:36141,quinone
ECTO:0001885,,CHEBI:34908,pentachloronitrobenzene
ECTO:0001886,,CHEBI:81807,Quizalofop-ethyl
ECTO:0001887,,CHEBI:8811,resmethrin
ECTO:0001888,,CHEBI:8994,safrole
ECTO:0001889,,CHEBI:81815,Sethoxydim
ECTO:0001890,,CHEBI:30512,silver atom
ECTO:0001891,,CHEBI:278547,sodium azide
ECTO:0001892,,CHEBI:38699,sodium fluoroacetate
ECTO:0001893,,CHEBI:78870,sodium nitrite
ECTO:0001894,,CHEBI:17907,styrene oxide
ECTO:0001895,,CHEBI:26836,sulfuric acid
ECTO:0001896,,CHEBI:39287,sulfuryl difluoride
ECTO:0001897,,CHEBI:38949,sulprofos
ECTO:0001898,,CHEBI:30355,tert-butyl group
ECTO:0001899,,CHEBI:38954,temephos
ECTO:0001900,,CHEBI:9447,Terbacil
ECTO:0001901,,CHEBI:33217,"3,3',5,5'-tetrabromobisphenol A"
ECTO:0001902,,CHEBI:34024,"1,1,1,2-tetrachloroethane"
ECTO:0001903,,CHEBI:35005,tetrachlorvinphos
ECTO:0001904,,CHEBI:35006,Tetracycline hydrochloride
ECTO:0001905,,CHEBI:38866,tetrafluoroethene
ECTO:0001906,,CHEBI:82372,Tetranitromethane
ECTO:0001907,,CHEBI:39397,tetramethrin
ECTO:0001908,,CHEBI:32497,thioacetamide
ECTO:0001909,,CHEBI:35011,Thiobencarb
ECTO:0001910,,CHEBI:82374,"4,4'-Thiodianiline"
ECTO:0001911,,CHEBI:38548,thiodicarb
ECTO:0001912,,CHEBI:36946,thiourea
ECTO:0001913,,CHEBI:9495,thiram
ECTO:0001914,,CHEBI:37339,thorium dioxide
ECTO:0001915,,CHEBI:53555,toluene meta-diisocyanate
ECTO:0001916,,CHEBI:66892,o-toluidine
ECTO:0001917,,CHEBI:9665,triadimefon
ECTO:0001918,,CHEBI:81978,Tri-allate
ECTO:0001919,,CHEBI:27090,triaziquone
ECTO:0001920,,CHEBI:9678,tribenuron methyl
ECTO:0001921,,CHEBI:38737,tribufos
ECTO:0001922,,CHEBI:6908,trichlorfon
ECTO:0001923,,CHEBI:28222,"1,2,4-trichlorobenzene"
ECTO:0001924,,CHEBI:28520,"2,4,5-trichlorophenol"
ECTO:0001925,,CHEBI:28755,"2,4,6-trichlorophenol"
ECTO:0001926,,CHEBI:34036,"1,2,3-Trichloropropane"
ECTO:0001927,,CHEBI:35026,triethylamine
ECTO:0001928,,CHEBI:9715,triforine
ECTO:0001929,,CHEBI:34039,"1,2,4-trimethylbenzene"
ECTO:0001930,,CHEBI:38893,"2,3,5-trimethylphenyl methylcarbamate"
ECTO:0001931,,CHEBI:35036,fentin chloride
ECTO:0001932,,CHEBI:30473,fentin hydroxide
ECTO:0001933,,CHEBI:82282,"Tris(2,3-dibromopropyl) phosphate"
ECTO:0001934,,CHEBI:78897,trypan blue
ECTO:0001935,,CHEBI:17967,urethane
ECTO:0001936,,CHEBI:27275,vanadium molecular entity
ECTO:0001937,,CHEBI:9986,vinclozolin
ECTO:0001938,,CHEBI:46916,vinyl acetate
ECTO:0001939,,CHEBI:51311,bromoethene
ECTO:0001940,,CHEBI:28509,chloroethene
ECTO:0001941,,CHEBI:51314,fluoroethene
ECTO:0001942,,CHEBI:28488,m-xylene
ECTO:0001943,,CHEBI:28738,"2,6-dimethylaniline"
ECTO:0001944,,CHEBI:27363,zinc atom
ECTO:0001945,,CHEBI:52498,zineb
ECTO:0001946,,CHEBI:23150,chlorophenol
ECTO:0001947,,CHEBI:53213,diisocyanate
ECTO:0001948,,CHEBI:33748,nickel molecular entity
ECTO:0001949,,CHEBI:33964,silver molecular entity
ECTO:0001950,,CHEBI:37110,thallium molecular entity
ECTO:0001953,,CHEBI:27560,boron atom
ECTO:0001954,,CHEBI:24859,iodine atom
ECTO:0001955,,CHEBI:18019,L-lysine
ECTO:0001957,,CHEBI:29865,benzo[a]pyrene
ECTO:0001959,,CHEBI:34066,"1,6-Dinitropyrene"
ECTO:0001960,,CHEBI:34069,"1,8-Dinitropyrene"
ECTO:0001961,,CHEBI:82342,5-Methylchrysene
ECTO:0001962,,CHEBI:82351,6-Nitrochrysene
ECTO:0001963,,CHEBI:34107,1-nitropyrene
ECTO:0001964,,CHEBI:82355,4-Nitropyrene
ECTO:0001965,,CHEBI:82451,"3,3'-Dimethoxybenzidine-4,4'-diisocyanate"
ECTO:0001966,,CHEBI:53578,hexamethylene diisocyanate
ECTO:0001967,,CHEBI:53214,isophorone diisocyanate
ECTO:0001968,,CHEBI:82496,"1,5-Naphthalene diisocyanate"
ECTO:0001969,,CHEBI:81502,"1,2,3,4,7,8-Hexachlorodibenzodioxin"
ECTO:0001970,,CHEBI:81503,"1,2,3,6,7,8-Hexachlorodibenzodioxin"
ECTO:0001971,,CHEBI:81505,"1,2,3,4,6,7,8-Heptachlorodibenzodioxin"
ECTO:0001972,,CHEBI:81506,"2,3,7,8-Tetrachlorodibenzofuran"
ECTO:0001973,,CHEBI:81513,"1,2,3,4,6,7,8-Heptachlorodibenzofuran"
ECTO:0001976,,CHEBI:15440,squalene
ECTO:0001977,,CHEBI:15443,inulin
ECTO:0001978,,CHEBI:15734,primary alcohol
ECTO:0001979,,CHEBI:15948,lycopene
ECTO:0001980,,CHEBI:16243,quercetin
ECTO:0001981,,CHEBI:17241,1H-pyrazole
ECTO:0001982,,CHEBI:17963,"1-methyl-4-phenyl-1,2,3,6-tetrahydropyridine"
ECTO:0001983,,CHEBI:18154,polysaccharide
ECTO:0001984,,CHEBI:21759,N-methyl-N'-nitro-N-nitrosoguanidine
ECTO:0001985,,CHEBI:22470,alpha-tocopherol
ECTO:0001986,,CHEBI:23995,N-ethyl-N-nitrosourea
ECTO:0001987,,CHEBI:254496,"7,12-dimethyltetraphene"
ECTO:0001988,,CHEBI:2567,alendronic acid
ECTO:0001989,,CHEBI:26020,phosphate
ECTO:0001990,,CHEBI:26537,retinoid
ECTO:0001991,,CHEBI:26710,sodium chloride
ECTO:0001992,,CHEBI:29007,ceftriaxone
ECTO:0001993,,CHEBI:29321,sodium nitroprusside
ECTO:0001994,,CHEBI:32588,potassium chloride
ECTO:0001995,,CHEBI:33371,technetium-99
ECTO:0001996,,CHEBI:3380,captopril
ECTO:0001997,,CHEBI:33853,phenols
ECTO:0001998,,CHEBI:3435,carrageenan
ECTO:0001999,,CHEBI:34432,4-octylphenol
ECTO:0002000,,CHEBI:347401,pentolinium ion
ECTO:0002001,,CHEBI:34956,ruthenium red
ECTO:0002002,,CHEBI:35341,steroid
ECTO:0002003,,CHEBI:35358,sulfonamide
ECTO:0002004,,CHEBI:41039,benfotiamine
ECTO:0002005,,CHEBI:41922,diethylstilbestrol
ECTO:0002006,,CHEBI:44932,acepromazine
ECTO:0002007,,CHEBI:46932,dihydrocapsaicin
ECTO:0002008,,CHEBI:472552,5-bromo-2'-deoxyuridine
ECTO:0002009,,CHEBI:48430,4-methyl-2-oxopentanoic acid
ECTO:0002010,,CHEBI:48432,angiotensin II
ECTO:0002011,,CHEBI:48607,lithium chloride
ECTO:0002013,,CHEBI:50202,naringenin
ECTO:0002014,,CHEBI:51050,titanium dioxide nanoparticle
ECTO:0002015,,CHEBI:53181,pristane
ECTO:0002016,,CHEBI:5441,glyburide
ECTO:0002017,,CHEBI:55326,pentolinium tartrate
ECTO:0002018,,CHEBI:5557,guanethidine
ECTO:0002019,,CHEBI:6067,isotretinoin
ECTO:0002020,,CHEBI:64317,isoprenaline
ECTO:0002021,,CHEBI:6541,losartan
ECTO:0002022,,CHEBI:6804,methacholine
ECTO:0002023,,CHEBI:6872,methylene blue
ECTO:0002024,,CHEBI:73755,"1,2-dimethylhydrazine"
ECTO:0002025,,CHEBI:75095,chrysin
ECTO:0002026,,CHEBI:76329,3-methyl-4'-dimethylaminoazobenzene
ECTO:0002028,,CHEBI:78741,oxidopamine
ECTO:0002029,,CHEBI:8093,phenylephrine
ECTO:0002030,,CHEBI:9288,streptozocin
ECTO:0002031,,CHEBI:9729,trimethaphan camsylate
ECTO:0002051,,CHEBI:27808,heroin
ECTO:0002059,,CHEBI:164200,triclosan
ECTO:0002060,,CHEBI:25717,organotin compound
ECTO:0002061,,CHEBI:39292,organotin acaricide
ECTO:0002063,,CHEBI:15366,acetic acid
ECTO:0002064,,CHEBI:36610,acetic anhydride
ECTO:0002065,,CHEBI:15347,acetone
ECTO:0002068,,CHEBI:27518,acetylene
ECTO:0002069,,CHEBI:15365,acetylsalicylic acid
ECTO:0002074,,CHEBI:31206,ammonium chloride
ECTO:0002077,,CHEBI:47217,arsane
ECTO:0002078,,CHEBI:48498,thiophenol
ECTO:0002080,,CHEBI:30163,diboron trioxide
ECTO:0002083,,CHEBI:37808,butane
ECTO:0002084,,CHEBI:28398,butan-2-one
ECTO:0002085,,CHEBI:31328,butyl acetate
ECTO:0002089,,CHEBI:43799,butan-1-amine
ECTO:0002090,,CHEBI:51937,butyronitrile
ECTO:0002091,,CHEBI:3311,calcium carbonate
ECTO:0002092,,CHEBI:31341,calcium dihydroxide
ECTO:0002093,,CHEBI:31346,calcium sulfate
ECTO:0002094,,CHEBI:36773,camphor
ECTO:0002095,,CHEBI:28579,epsilon-caprolactam
ECTO:0002096,,CHEBI:81938,captafol
ECTO:0002100,,CHEBI:47875,tetrabromomethane
ECTO:0002101,,CHEBI:33988,caesium hydroxide
ECTO:0002102,,CHEBI:29415,dioxidochlorine(.)
ECTO:0002103,,CHEBI:30123,trifluorochlorine
ECTO:0002104,,CHEBI:17194,bromochloromethane
ECTO:0002108,,CHEBI:33143,chromic acid
ECTO:0002109,,CHEBI:48242,dichromium trioxide
ECTO:0002110,,CHEBI:33038,chromyl dichloride
ECTO:0002113,,CHEBI:34656,cumene
ECTO:0002114,,CHEBI:16698,cyanamide
ECTO:0002115,,CHEBI:29308,oxalonitrile
ECTO:0002118,,CHEBI:17854,cyclohexanone
ECTO:0002119,,CHEBI:36404,cyclohexene
ECTO:0002120,,CHEBI:15773,cyclohexylamine
ECTO:0002121,,CHEBI:24556,"1,3,5-trinitro-1,3,5-triazinane"
ECTO:0002122,,CHEBI:30664,cyclopentadiene
ECTO:0002123,,CHEBI:23492,cyclopentane
ECTO:0002124,,CHEBI:55381,diacetone alcohol
ECTO:0002127,,CHEBI:33590,diborane(6)
ECTO:0002130,,CHEBI:30672,ferrocene
ECTO:0002131,,CHEBI:34696,dieldrin
ECTO:0002133,,CHEBI:52153,2-diethylaminoethanol
ECTO:0002134,,CHEBI:30629,diethylenetriamine
ECTO:0002135,,CHEBI:34698,diethyl phthalate
ECTO:0002139,,CHEBI:4659,disulfiram
ECTO:0002140,,CHEBI:38661,disulfoton
ECTO:0002141,,CHEBI:34247,"2,6-di-tert-butyl-4-methylphenol"
ECTO:0002144,,CHEBI:4792,enflurane
ECTO:0002145,,CHEBI:16000,ethanolamine
ECTO:0002148,,CHEBI:27750,ethyl acetate
ECTO:0002149,,CHEBI:15862,ethylamine
ECTO:0002151,,CHEBI:28200,2-chloroethanol
ECTO:0002152,,CHEBI:30347,ethylenediamine
ECTO:0002155,,CHEBI:35702,diethyl ether
ECTO:0002156,,CHEBI:52342,ethyl formate
ECTO:0002157,,CHEBI:38680,fenamiphos
ECTO:0002160,,CHEBI:48431,formimidic acid
ECTO:0002161,,CHEBI:207496,furfuryl alcohol
ECTO:0002162,,CHEBI:30443,germane
ECTO:0002163,,CHEBI:17522,alditol
ECTO:0002164,,CHEBI:5615,halothane
ECTO:0002166,,CHEBI:43098,heptane
ECTO:0002167,,CHEBI:39429,hexafluoroacetone
ECTO:0002171,,CHEBI:47266,hydrogen bromide
ECTO:0002176,,CHEBI:41921,1H-indene
ECTO:0002177,,CHEBI:37758,iodoform
ECTO:0002178,,CHEBI:50819,ferric oxide
ECTO:0002180,,CHEBI:75832,iron(2+) sulfate (anhydrous)
ECTO:0002181,,CHEBI:31725,isoamyl acetate
ECTO:0002182,,CHEBI:15837,isoamylol
ECTO:0002183,,CHEBI:30363,isobutane
ECTO:0002184,,CHEBI:50569,isobutyl acetate
ECTO:0002187,,CHEBI:15739,isopropylamine
ECTO:0002189,,CHEBI:31794,magnesium oxide
ECTO:0002192,,CHEBI:566274,malonaldehyde
ECTO:0002196,,CHEBI:6843,methoxyflurane
ECTO:0002197,,CHEBI:77700,methyl acetate
ECTO:0002198,,CHEBI:48341,dimethoxymethane
ECTO:0002199,,CHEBI:5672,heptan-2-one
ECTO:0002202,,CHEBI:53218,"diphenylmethane-4,4'-diisocyanate"
ECTO:0002203,,CHEBI:77699,methyl formate
ECTO:0002206,,CHEBI:16007,methanethiol
ECTO:0002208,,CHEBI:38728,monocrotophos
ECTO:0002209,,CHEBI:34856,morpholine
ECTO:0002211,,CHEBI:30372,tetracarbonylnickel
ECTO:0002214,,CHEBI:16268,nitroethane
ECTO:0002215,,CHEBI:30231,nitrogen trifluoride
ECTO:0002217,,CHEBI:39931,3-nitrotoluene
ECTO:0002218,,CHEBI:17045,dinitrogen oxide
ECTO:0002219,,CHEBI:17590,octane
ECTO:0002220,,CHEBI:16995,oxalic acid
ECTO:0002221,,CHEBI:30494,oxygen difluoride
ECTO:0002222,,CHEBI:27928,parathion
ECTO:0002225,,CHEBI:37830,pentane
ECTO:0002226,,CHEBI:16472,pentan-2-one
ECTO:0002228,,CHEBI:37931,10H-phenothiazine
ECTO:0002230,,CHEBI:38764,phorate
ECTO:0002232,,CHEBI:30278,phosphane
ECTO:0002233,,CHEBI:26078,phosphoric acid
ECTO:0002234,,CHEBI:30336,phosphoryl trichloride
ECTO:0002235,,CHEBI:30334,phosphorus trichloride
ECTO:0002238,,CHEBI:32035,potassium hydroxide
ECTO:0002239,,CHEBI:32879,propane
ECTO:0002240,,CHEBI:8473,propane-1-thiol
ECTO:0002243,,CHEBI:30768,propionic acid
ECTO:0002244,,CHEBI:26307,propionitrile
ECTO:0002247,,CHEBI:27810,resorcinol
ECTO:0002248,,CHEBI:29390,silicon carbide
ECTO:0002249,,CHEBI:29389,silane
ECTO:0002250,,CHEBI:39289,trisodium hexafluoroaluminate
ECTO:0002253,,CHEBI:30288,stibane
ECTO:0002254,,CHEBI:30496,sulfur hexafluoride
ECTO:0002255,,CHEBI:30495,sulfur tetrafluoride
ECTO:0002257,,CHEBI:27903,"(2,4,5-trichlorophenoxy)acetic acid"
ECTO:0002259,,CHEBI:52242,"1,4-diphenylbenzene"
ECTO:0002260,,CHEBI:30182,tetraethyllead
ECTO:0002261,,CHEBI:26911,oxolane
ECTO:0002262,,CHEBI:30065,thioglycolic acid
ECTO:0002263,,CHEBI:29290,thionyl dichloride
ECTO:0002264,,CHEBI:52991,tin dioxide
ECTO:0002265,,CHEBI:32234,titanium dioxide
ECTO:0002266,,CHEBI:35019,tributyl phosphate
ECTO:0002268,,CHEBI:18139,trimethylamine
ECTO:0002269,,CHEBI:34037,"1,2,3-trimethylbenzene"
ECTO:0002270,,CHEBI:34833,"1,3,5-trimethylbenzene"
ECTO:0002271,,CHEBI:35033,triphenyl phosphate
ECTO:0002272,,CHEBI:30045,divanadium pentaoxide
ECTO:0002274,,CHEBI:87732,4-hydroxy-3-(3-oxo-1-phenylbutyl)-1-benzopyran-2-one
ECTO:0002276,,CHEBI:49976,zinc dichloride
ECTO:0002277,,CHEBI:36560,zinc oxide
ECTO:0002278,,CHEBI:2953,azinphos-methyl
ECTO:0002279,,CHEBI:119915,fentanyl
ECTO:0002281,,CHEBI:75701,sarin
ECTO:0002282,,CHEBI:28973,strychnine
ECTO:0002289,,CHEBI:8852,Ricin
ECTO:0002290,,CHEBI:17747,bis(2-ethylhexyl) phthalate
ECTO:0002291,,CHEBI:18853,"1,1-dimethylhydrazine"
ECTO:0002292,,CHEBI:18918,"1,3-dichloropropene"
ECTO:0002293,,CHEBI:26709,sodium hydrogensulfite
ECTO:0002294,,CHEBI:28741,sodium fluoride
ECTO:0002295,,CHEBI:28925,mechlorethamine
ECTO:0002296,,CHEBI:29036,copper(2+)
ECTO:0002297,,CHEBI:32145,sodium hydroxide
ECTO:0002298,,CHEBI:53556,"toluene 2,4-diisocyanate"
ECTO:0002303,,CHEBI:25705,organochlorine insecticide
ECTO:0002304,,CHEBI:38656,organochlorine pesticide
ECTO:0002305,,CHEBI:134044,"1,4 dioxin"
ECTO:0002306,,CHEBI:134045,polychlorinated dibenzodioxines and related compounds
ECTO:0002307,,CHEBI:134049,polybromobiphenyl
ECTO:0002308,,CHEBI:134046,polychlorinated dibenzofuran
ECTO:0002309,,CHEBI:132932,disodium 5'-guanylate
ECTO:0002310,,CHEBI:134043,phenylureas
ECTO:0002311,,CHEBI:134024,chlorofluorocarbon
ECTO:0002312,,CHEBI:31575,ethylparaben
ECTO:0002313,,CHEBI:32063,propylparaben
ECTO:0002315,,CHEBI:33343,hafnium atom
ECTO:0002316,,CHEBI:81950,Ammonium sulfamate
ECTO:0002317,,CHEBI:87362,pentyl acetate
ECTO:0002318,,CHEBI:82256,ANTU
ECTO:0002319,,CHEBI:27563,arsenic atom
ECTO:0002320,,CHEBI:63317,barium chloride
ECTO:0002321,,CHEBI:63921,2-butoxyethanol
ECTO:0002322,,CHEBI:31344,calcium oxide
ECTO:0002323,,CHEBI:27871,chloroacetaldehyde
ECTO:0002324,,CHEBI:34624,Chloroacetyl chloride
ECTO:0002325,,CHEBI:75955,copper(II) oxide
ECTO:0002326,,CHEBI:82111,Crufomate
ECTO:0002327,,CHEBI:4503,Dichloroacetylene
ECTO:0002328,,CHEBI:34573,Bis(2-chloroethyl)ether
ECTO:0002329,,CHEBI:81859,Dalapon
ECTO:0002330,,CHEBI:38658,dicrotophos
ECTO:0002331,,CHEBI:85259,diethylamine
ECTO:0002332,,CHEBI:87755,pentan-3-one
ECTO:0002333,,CHEBI:89195,2-Methyl-4-heptanone
ECTO:0002334,,CHEBI:84254,"N,N-dimethylacetamide"
ECTO:0002335,,CHEBI:82280,Dimethylcarbamoyl chloride
ECTO:0002336,,CHEBI:81364,Dioxation
ECTO:0002337,,CHEBI:89484,4-Heptanone
ECTO:0002338,,CHEBI:64163,diquat
ECTO:0002339,,CHEBI:34733,EPN
ECTO:0002340,,CHEBI:50139,heptan-3-one
ECTO:0002341,,CHEBI:34750,Ethylenethiourea
ECTO:0002342,,CHEBI:34760,fensulfothion
ECTO:0002343,,CHEBI:38689,fonofos
ECTO:0002344,,CHEBI:16397,formamide
ECTO:0002345,,CHEBI:64276,glutaraldehyde
ECTO:0002346,,CHEBI:17754,glycerol
ECTO:0002347,,CHEBI:62995,"2-methylpentane-2,4-diol"
ECTO:0002348,,CHEBI:16503,selane
ECTO:0002349,,CHEBI:30430,indium atom
ECTO:0002350,,CHEBI:77517,3-methyl-2-butanol
ECTO:0002351,,CHEBI:34800,isophorone
ECTO:0002352,,CHEBI:89993,"4-Methyl-3-penten-2-one, 9CI"
ECTO:0002353,,CHEBI:25219,methacrylic acid
ECTO:0002354,,CHEBI:69441,p-methoxyphenol
ECTO:0002355,,CHEBI:28124,"4,4'-methylene-bis-(2-chloroaniline)"
ECTO:0002356,,CHEBI:53216,"dicyclohexylmethane-4,4'-diisocyanate"
ECTO:0002357,,CHEBI:88432,5-Methyl-2-hexanone
ECTO:0002358,,CHEBI:35060,alpha-Methylstyrene
ECTO:0002359,,CHEBI:15733,N-methylaniline
ECTO:0002360,,CHEBI:34399,4-Chloronitrobenzene
ECTO:0002361,,CHEBI:50637,2-nitronaphthalene
ECTO:0002362,,CHEBI:76261,1-nitropropane
ECTO:0002363,,CHEBI:35227,4-nitrotoluene
ECTO:0002364,,CHEBI:82367,Phenyl glycidyl ether
ECTO:0002365,,CHEBI:34877,N-Phenyl-2-naphthylamine
ECTO:0002366,,CHEBI:30335,phosphorus pentachloride
ECTO:0002367,,CHEBI:38218,isophthalonitrile
ECTO:0002368,,CHEBI:82261,Pindone
ECTO:0002369,,CHEBI:82370,"1,3-Propane sultone"
ECTO:0002370,,CHEBI:40116,propyl acetate
ECTO:0002371,,CHEBI:33359,rhodium atom
ECTO:0002372,,CHEBI:82125,Fenchlorphos
ECTO:0002373,,CHEBI:30434,selenium hexafluoride
ECTO:0002374,,CHEBI:33348,tantalum atom
ECTO:0002375,,CHEBI:38945,sulfotep
ECTO:0002376,,CHEBI:30469,tellurium hexafluoride
ECTO:0002377,,CHEBI:82149,TEPP
ECTO:0002378,,CHEBI:30183,tetramethyllead
ECTO:0002379,,CHEBI:71240,sodium diphosphate
ECTO:0002380,,CHEBI:28950,N-methyl-N-picrylnitramine
ECTO:0002381,,CHEBI:37825,p-toluidine
ECTO:0002382,,CHEBI:30956,trichloroacetic acid
ECTO:0002383,,CHEBI:46053,"2,4,6-trinitrotoluene"
ECTO:0002384,,CHEBI:84069,pentanal
ECTO:0002385,,CHEBI:59001,4-vinylcyclohexene dioxide
ECTO:0002386,,CHEBI:82550,Vinylidene fluoride
ECTO:0002387,,CHEBI:33342,zirconium atom
ECTO:0002388,,CHEBI:9195,Soman
ECTO:0002404,exposure to polybromodiphenyl ether,CHEBI:134094,polybromodiphenyl ether
ECTO:0002405,exposure to perfluorinated compound,CHEBI:134091,perfluorinated compound
ECTO:0002406,exposure to volatile organic compound,CHEBI:134179,volatile organic compound
ECTO:0002407,exposure to perfluorobutanesulfonic acid,CHEBI:132446,perfluorobutanesulfonic acid
ECTO:0002408,exposure to perfluorohexanesulfonic acid,CHEBI:132448,perfluorohexanesulfonic acid
ECTO:0002409,exposure to arsenocholine,CHEBI:134092,arsenocholine
ECTO:0002411,exposure to polychlorinated dibenzodioxine,CHEBI:36682,polychlorinated dibenzodioxine
ECTO:0002412,"exposure to 1,3-dichloropropane",CHEBI:137978,"1,3-dichloropropane"
ECTO:0002414,exposure to inorganic acid,CHEBI:138103,inorganic acid
ECTO:0002415,exposure to gas molecular entity,CHEBI:138675,gas molecular entity
ECTO:0002416,"exposure to 2-bromophenyl 2,4-dibromophenyl ether",CHEBI:138001,"2-bromophenyl 2,4-dibromophenyl ether"
ECTO:0002417,exposure to endocrine disruptor,CHEBI:138015,endocrine disruptor
ECTO:0002418,exposure to metalloid,CHEBI:137980,metalloid
ECTO:0002419,"exposure to 4-bromophenyl 2,4-dibromophenyl ether",CHEBI:138036,"4-bromophenyl 2,4-dibromophenyl ether"
ECTO:0002420,"exposure to 2,4-dibromophenyl 3,4-dibromophenyl ether",CHEBI:138038,"2,4-dibromophenyl 3,4-dibromophenyl ether"
ECTO:0002421,"exposure to 2,4-dibromophenyl 2,3,4-tribromophenyl ether",CHEBI:138064,"2,4-dibromophenyl 2,3,4-tribromophenyl ether"
ECTO:0002422,"exposure to 2,4-dibromophenyl 2,4,6-tribromophenyl ether",CHEBI:138065,"2,4-dibromophenyl 2,4,6-tribromophenyl ether"
ECTO:0002423,"exposure to 2,2',4,4',5,5'-hexabromobiphenyl",CHEBI:134050,"2,2',4,4',5,5'-hexabromobiphenyl"
ECTO:0002424,exposure to perfluorooctanesulfonamide,CHEBI:138089,perfluorooctanesulfonamide
ECTO:0002425,exposure to trimethylarsine oxide,CHEBI:27131,trimethylarsine oxide
