{
  "graphs" : [ {
    "id" : "http://purl.obolibrary.org/obo/TEMP",
    "meta" : {
      "basicPropertyValues" : [ {
        "pred" : "http://www.geneontology.org/formats/oboInOwl#id",
        "val" : "logical_definition_test"
      } ]
    },
    "nodes" : [ {
      "id" : "http://purl.obolibrary.org/obo/UBERON_0002101",
      "lbl" : "limb",
      "type" : "CLASS"
    }, {
      "id" : "http://purl.obolibrary.org/obo/UBERON_0002102",
      "lbl" : "forelimb",
      "type" : "CLASS"
    }, {
      "id" : "http://purl.obolibrary.org/obo/UBERON_0002398",
      "lbl" : "manus",
      "type" : "CLASS",
      "meta" : {
        "definition" : {
          "val" : "."
        }
      }
    }, {
      "id" : "http://purl.obolibrary.org/obo/UBERON_0002470",
      "lbl" : "autopod region",
      "type" : "CLASS"
    }, {
      "id" : "http://purl.obolibrary.org/obo/BFO_0000050",
      "type" : "PROPERTY",
      "propertyType" : "OBJECT",
      "meta" : {
        "xrefs" : [ {
          "val" : "BFO:0000050"
        } ],
        "basicPropertyValues" : [ {
          "pred" : "http://www.geneontology.org/formats/oboInOwl#shorthand",
          "val" : "part_of"
        } ]
      }
    }, {
      "id" : "http://purl.obolibrary.org/obo/IAO_0000115",
      "lbl" : "definition",
      "type" : "PROPERTY",
      "propertyType" : "ANNOTATION"
    }, {
      "id" : "http://www.geneontology.org/formats/oboInOwl#hasDbXref",
      "lbl" : "database_cross_reference",
      "type" : "PROPERTY",
      "propertyType" : "ANNOTATION"
    }, {
      "id" : "http://www.geneontology.org/formats/oboInOwl#id",
      "type" : "PROPERTY",
      "propertyType" : "ANNOTATION"
    }, {
      "id" : "http://www.geneontology.org/formats/oboInOwl#shorthand",
      "lbl" : "shorthand",
      "type" : "PROPERTY",
      "propertyType" : "ANNOTATION"
    }, {
      "id" : "http://www.w3.org/2000/01/rdf-schema#label",
      "type" : "PROPERTY",
      "propertyType" : "ANNOTATION"
    } ],
    "edges" : [ {
      "sub" : "http://purl.obolibrary.org/obo/UBERON_0002102",
      "pred" : "is_a",
      "obj" : "http://purl.obolibrary.org/obo/UBERON_0002101"
    }, {
      "sub" : "http://purl.obolibrary.org/obo/UBERON_0002398",
      "pred" : "is_a",
      "obj" : "http://purl.obolibrary.org/obo/UBERON_0002470"
    }, {
      "sub" : "http://purl.obolibrary.org/obo/UBERON_0002398",
      "pred" : "http://purl.obolibrary.org/obo/BFO_0000050",
      "obj" : "http://purl.obolibrary.org/obo/UBERON_0002102"
    }, {
      "sub" : "http://purl.obolibrary.org/obo/UBERON_0002470",
      "pred" : "http://purl.obolibrary.org/obo/BFO_0000050",
      "obj" : "http://purl.obolibrary.org/obo/UBERON_0002101"
    } ],
    "logicalDefinitionAxioms" : [ {
      "definedClassId" : "http://purl.obolibrary.org/obo/UBERON_0002398",
      "genusIds" : [ "http://purl.obolibrary.org/obo/UBERON_0002470" ],
      "restrictions" : [ {
        "propertyId" : "http://purl.obolibrary.org/obo/BFO_0000050",
        "fillerId" : "http://purl.obolibrary.org/obo/UBERON_0002102"
      } ]
    } ]
  } ]
}