<?xml version="1.0" encoding="UTF-8" standalone="no"?>
<catalog prefer="public" xmlns="urn:oasis:names:tc:entity:xmlns:xml:catalog">
    <uri id="User Entered Import Resolution" name="http://sweetontology.net/sweet_v23Comments" uri="sweet_v23Comments.ttl"/>
    <uri id="User Entered Import Resolution" name="http://sweetontology.net/matrCompound" uri="matrCompound.ttl"/>
    <uri id="User Entered Import Resolution" name="http://sweetontology.net/human" uri="human.ttl"/>
    <uri id="User Entered Import Resolution" name="http://sweetontology.net/humanAgriculture" uri="humanAgriculture.ttl"/>
    <uri id="User Entered Import Resolution" name="http://sweetontology.net/humanCommerce" uri="humanCommerce.ttl"/>
    <uri id="User Entered Import Resolution" name="http://sweetontology.net/humanDecision" uri="humanDecision.ttl"/>
    <uri id="User Entered Import Resolution" name="http://sweetontology.net/humanEnvirAssessment" uri="humanEnvirAssessment.ttl"/>
    <uri id="User Entered Import Resolution" name="http://sweetontology.net/humanEnvirConservation" uri="humanEnvirConservation.ttl"/>
    <uri id="User Entered Import Resolution" name="http://sweetontology.net/humanEnvirControl" uri="humanEnvirControl.ttl"/>
    <uri id="User Entered Import Resolution" name="http://sweetontology.net/humanEnvirStandards" uri="humanEnvirStandards.ttl"/>
    <uri id="User Entered Import Resolution" name="http://sweetontology.net/humanJurisdiction" uri="humanJurisdiction.ttl"/>
    <uri id="User Entered Import Resolution" name="http://sweetontology.net/humanKnowledgeDomain" uri="humanKnowledgeDomain.ttl"/>
    <uri id="User Entered Import Resolution" name="http://sweetontology.net/humanResearch" uri="humanResearch.ttl"/>
    <uri id="User Entered Import Resolution" name="http://sweetontology.net/humanTechReadiness" uri="humanTechReadiness.ttl"/>
    <uri id="User Entered Import Resolution" name="http://sweetontology.net/humanTransportation" uri="humanTransportation.ttl"/>
    <uri id="User Entered Import Resolution" name="http://sweetontology.net/matr" uri="matr.ttl"/>
    <uri id="User Entered Import Resolution" name="http://sweetontology.net/matrAerosol" uri="matrAerosol.ttl"/>
    <uri id="User Entered Import Resolution" name="http://sweetontology.net/matrAnimal" uri="matrAnimal.ttl"/>
    <uri id="User Entered Import Resolution" name="http://sweetontology.net/matrBiomass" uri="matrBiomass.ttl"/>
    <uri id="User Entered Import Resolution" name="http://sweetontology.net/matrElement" uri="matrElement.ttl"/>
    <uri id="User Entered Import Resolution" name="http://sweetontology.net/matrElementalMolecule" uri="matrElementalMolecule.ttl"/>
    <uri id="User Entered Import Resolution" name="http://sweetontology.net/matrEnergy" uri="matrEnergy.ttl"/>
    <uri id="User Entered Import Resolution" name="http://sweetontology.net/matrEquipment" uri="matrEquipment.ttl"/>
    <uri id="User Entered Import Resolution" name="http://sweetontology.net/matrFacility" uri="matrFacility.ttl"/>
    <uri id="User Entered Import Resolution" name="http://sweetontology.net/matrIndustrial" uri="matrIndustrial.ttl"/>
    <uri id="User Entered Import Resolution" name="http://sweetontology.net/matrInstrument" uri="matrInstrument.ttl"/>
    <uri id="User Entered Import Resolution" name="http://sweetontology.net/matrIon" uri="matrIon.ttl"/>
    <uri id="User Entered Import Resolution" name="http://sweetontology.net/matrIsotope" uri="matrIsotope.ttl"/>
    <uri id="User Entered Import Resolution" name="http://sweetontology.net/matrMicrobiota" uri="matrMicrobiota.ttl"/>
    <uri id="User Entered Import Resolution" name="http://sweetontology.net/matrMineral" uri="matrMineral.ttl"/>
    <uri id="User Entered Import Resolution" name="http://sweetontology.net/matrNaturalResource" uri="matrNaturalResource.ttl"/>
    <uri id="User Entered Import Resolution" name="http://sweetontology.net/matrOrganicCompound" uri="matrOrganicCompound.ttl"/>
    <uri id="User Entered Import Resolution" name="http://sweetontology.net/matrParticle" uri="matrParticle.ttl"/>
    <uri id="User Entered Import Resolution" name="http://sweetontology.net/matrPlant" uri="matrPlant.ttl"/>
    <uri id="User Entered Import Resolution" name="http://sweetontology.net/matrRock" uri="matrRock.ttl"/>
    <uri id="User Entered Import Resolution" name="http://sweetontology.net/matrRockIgneous" uri="matrRockIgneous.ttl"/>
    <uri id="User Entered Import Resolution" name="http://sweetontology.net/matrSediment" uri="matrSediment.ttl"/>
    <uri id="User Entered Import Resolution" name="http://sweetontology.net/matrWater" uri="matrWater.ttl"/>
    <uri id="User Entered Import Resolution" name="http://sweetontology.net/phen" uri="phen.ttl"/>
    <uri id="User Entered Import Resolution" name="http://sweetontology.net/phenAtmo" uri="phenAtmo.ttl"/>
    <uri id="User Entered Import Resolution" name="http://sweetontology.net/phenAtmoCloud" uri="phenAtmoCloud.ttl"/>
    <uri id="User Entered Import Resolution" name="http://sweetontology.net/phenAtmoFog" uri="phenAtmoFog.ttl"/>
    <uri id="User Entered Import Resolution" name="http://sweetontology.net/phenAtmoFront" uri="phenAtmoFront.ttl"/>
    <uri id="User Entered Import Resolution" name="http://sweetontology.net/phenAtmoLightning" uri="phenAtmoLightning.ttl"/>
    <uri id="User Entered Import Resolution" name="http://sweetontology.net/phenAtmoPrecipitation" uri="phenAtmoPrecipitation.ttl"/>
    <uri id="User Entered Import Resolution" name="http://sweetontology.net/phenAtmoPressure" uri="phenAtmoPressure.ttl"/>
    <uri id="User Entered Import Resolution" name="http://sweetontology.net/phenAtmoTransport" uri="phenAtmoTransport.ttl"/>
    <uri id="User Entered Import Resolution" name="http://sweetontology.net/phenAtmoWind" uri="phenAtmoWind.ttl"/>
    <uri id="User Entered Import Resolution" name="http://sweetontology.net/phenAtmoWindMesoscale" uri="phenAtmoWindMesoscale.ttl"/>
    <uri id="User Entered Import Resolution" name="http://sweetontology.net/phenBiol" uri="phenBiol.ttl"/>
    <uri id="User Entered Import Resolution" name="http://sweetontology.net/phenCryo" uri="phenCryo.ttl"/>
    <uri id="User Entered Import Resolution" name="http://sweetontology.net/phenCycle" uri="phenCycle.ttl"/>
    <uri id="User Entered Import Resolution" name="http://sweetontology.net/phenCycleMaterial" uri="phenCycleMaterial.ttl"/>
    <uri id="User Entered Import Resolution" name="http://sweetontology.net/phenEcology" uri="phenEcology.ttl"/>
    <uri id="User Entered Import Resolution" name="http://sweetontology.net/phenElecMag" uri="phenElecMag.ttl"/>
    <uri id="User Entered Import Resolution" name="http://sweetontology.net/phenEnergy" uri="phenEnergy.ttl"/>
    <uri id="User Entered Import Resolution" name="http://sweetontology.net/phenEnvirImpact" uri="phenEnvirImpact.ttl"/>
    <uri id="User Entered Import Resolution" name="http://sweetontology.net/phenFluidDynamics" uri="phenFluidDynamics.ttl"/>
    <uri id="User Entered Import Resolution" name="http://sweetontology.net/phenFluidInstability" uri="phenFluidInstability.ttl"/>
    <uri id="User Entered Import Resolution" name="http://sweetontology.net/phenFluidTransport" uri="phenFluidTransport.ttl"/>
    <uri id="User Entered Import Resolution" name="http://sweetontology.net/phenGeol" uri="phenGeol.ttl"/>
    <uri id="User Entered Import Resolution" name="http://sweetontology.net/phenGeolFault" uri="phenGeolFault.ttl"/>
    <uri id="User Entered Import Resolution" name="http://sweetontology.net/phenGeolGeomorphology" uri="phenGeolGeomorphology.ttl"/>
    <uri id="User Entered Import Resolution" name="http://sweetontology.net/phenGeolSeismicity" uri="phenGeolSeismicity.ttl"/>
    <uri id="User Entered Import Resolution" name="http://sweetontology.net/phenGeolTectonic" uri="phenGeolTectonic.ttl"/>
    <uri id="User Entered Import Resolution" name="http://sweetontology.net/phenGeolVolcano" uri="phenGeolVolcano.ttl"/>
    <uri id="User Entered Import Resolution" name="http://sweetontology.net/phenHelio" uri="phenHelio.ttl"/>
    <uri id="User Entered Import Resolution" name="http://sweetontology.net/phenHydro" uri="phenHydro.ttl"/>
    <uri id="User Entered Import Resolution" name="http://sweetontology.net/phenMixing" uri="phenMixing.ttl"/>
    <uri id="User Entered Import Resolution" name="http://sweetontology.net/phenOcean" uri="phenOcean.ttl"/>
    <uri id="User Entered Import Resolution" name="http://sweetontology.net/phenOceanCoastal" uri="phenOceanCoastal.ttl"/>
    <uri id="User Entered Import Resolution" name="http://sweetontology.net/phenOceanDynamics" uri="phenOceanDynamics.ttl"/>
    <uri id="User Entered Import Resolution" name="http://sweetontology.net/phenPlanetClimate" uri="phenPlanetClimate.ttl"/>
    <uri id="User Entered Import Resolution" name="http://sweetontology.net/phenReaction" uri="phenReaction.ttl"/>
    <uri id="User Entered Import Resolution" name="http://sweetontology.net/phenSolid" uri="phenSolid.ttl"/>
    <uri id="User Entered Import Resolution" name="http://sweetontology.net/phenStar" uri="phenStar.ttl"/>
    <uri id="User Entered Import Resolution" name="http://sweetontology.net/phenSystem" uri="phenSystem.ttl"/>
    <uri id="User Entered Import Resolution" name="http://sweetontology.net/phenSystemComplexity" uri="phenSystemComplexity.ttl"/>
    <uri id="User Entered Import Resolution" name="http://sweetontology.net/phenWave" uri="phenWave.ttl"/>
    <uri id="User Entered Import Resolution" name="http://sweetontology.net/phenWaveNoise" uri="phenWaveNoise.ttl"/>
    <uri id="User Entered Import Resolution" name="http://sweetontology.net/proc" uri="proc.ttl"/>
    <uri id="User Entered Import Resolution" name="http://sweetontology.net/procChemical" uri="procChemical.ttl"/>
    <uri id="User Entered Import Resolution" name="http://sweetontology.net/procPhysical" uri="procPhysical.ttl"/>
    <uri id="User Entered Import Resolution" name="http://sweetontology.net/procStateChange" uri="procStateChange.ttl"/>
    <uri id="User Entered Import Resolution" name="http://sweetontology.net/procWave" uri="procWave.ttl"/>
    <uri id="User Entered Import Resolution" name="http://sweetontology.net/prop" uri="prop.ttl"/>
    <uri id="User Entered Import Resolution" name="http://sweetontology.net/propBinary" uri="propBinary.ttl"/>
    <uri id="User Entered Import Resolution" name="http://sweetontology.net/propCapacity" uri="propCapacity.ttl"/>
    <uri id="User Entered Import Resolution" name="http://sweetontology.net/propCategorical" uri="propCategorical.ttl"/>
    <uri id="User Entered Import Resolution" name="http://sweetontology.net/propCharge" uri="propCharge.ttl"/>
    <uri id="User Entered Import Resolution" name="http://sweetontology.net/propChemical" uri="propChemical.ttl"/>
    <uri id="User Entered Import Resolution" name="http://sweetontology.net/propConductivity" uri="propConductivity.ttl"/>
    <uri id="User Entered Import Resolution" name="http://sweetontology.net/propCount" uri="propCount.ttl"/>
    <uri id="User Entered Import Resolution" name="http://sweetontology.net/propDifference" uri="propDifference.ttl"/>
    <uri id="User Entered Import Resolution" name="http://sweetontology.net/propDiffusivity" uri="propDiffusivity.ttl"/>
    <uri id="User Entered Import Resolution" name="http://sweetontology.net/propDimensionlessRatio" uri="propDimensionlessRatio.ttl"/>
    <uri id="User Entered Import Resolution" name="http://sweetontology.net/propEnergy" uri="propEnergy.ttl"/>
    <uri id="User Entered Import Resolution" name="http://sweetontology.net/propEnergyFlux" uri="propEnergyFlux.ttl"/>
    <uri id="User Entered Import Resolution" name="http://sweetontology.net/propFraction" uri="propFraction.ttl"/>
    <uri id="User Entered Import Resolution" name="http://sweetontology.net/propFunction" uri="propFunction.ttl"/>
    <uri id="User Entered Import Resolution" name="http://sweetontology.net/propIndex" uri="propIndex.ttl"/>
    <uri id="User Entered Import Resolution" name="http://sweetontology.net/propMass" uri="propMass.ttl"/>
    <uri id="User Entered Import Resolution" name="http://sweetontology.net/propMassFlux" uri="propMassFlux.ttl"/>
    <uri id="User Entered Import Resolution" name="http://sweetontology.net/propOrdinal" uri="propOrdinal.ttl"/>
    <uri id="User Entered Import Resolution" name="http://sweetontology.net/propPressure" uri="propPressure.ttl"/>
    <uri id="User Entered Import Resolution" name="http://sweetontology.net/propQuantity" uri="propQuantity.ttl"/>
    <uri id="User Entered Import Resolution" name="http://sweetontology.net/propRotation" uri="propRotation.ttl"/>
    <uri id="User Entered Import Resolution" name="http://sweetontology.net/propSpace" uri="propSpace.ttl"/>
    <uri id="User Entered Import Resolution" name="http://sweetontology.net/propSpaceDirection" uri="propSpaceDirection.ttl"/>
    <uri id="User Entered Import Resolution" name="http://sweetontology.net/propSpaceDistance" uri="propSpaceDistance.ttl"/>
    <uri id="User Entered Import Resolution" name="http://sweetontology.net/propSpaceHeight" uri="propSpaceHeight.ttl"/>
    <uri id="User Entered Import Resolution" name="http://sweetontology.net/propSpaceLocation" uri="propSpaceLocation.ttl"/>
    <uri id="User Entered Import Resolution" name="http://sweetontology.net/propSpaceMultidimensional" uri="propSpaceMultidimensional.ttl"/>
    <uri id="User Entered Import Resolution" name="http://sweetontology.net/propSpaceThickness" uri="propSpaceThickness.ttl"/>
    <uri id="User Entered Import Resolution" name="http://sweetontology.net/propSpeed" uri="propSpeed.ttl"/>
    <uri id="User Entered Import Resolution" name="http://sweetontology.net/propTemperature" uri="propTemperature.ttl"/>
    <uri id="User Entered Import Resolution" name="http://sweetontology.net/propTemperatureGradient" uri="propTemperatureGradient.ttl"/>
    <uri id="User Entered Import Resolution" name="http://sweetontology.net/propTime" uri="propTime.ttl"/>
    <uri id="User Entered Import Resolution" name="http://sweetontology.net/propTimeFrequency" uri="propTimeFrequency.ttl"/>
    <uri id="User Entered Import Resolution" name="http://sweetontology.net/realm" uri="realm.ttl"/>
    <uri id="User Entered Import Resolution" name="http://sweetontology.net/realmAstroBody" uri="realmAstroBody.ttl"/>
    <uri id="User Entered Import Resolution" name="http://sweetontology.net/realmAstroHelio" uri="realmAstroHelio.ttl"/>
    <uri id="User Entered Import Resolution" name="http://sweetontology.net/realmAstroStar" uri="realmAstroStar.ttl"/>
    <uri id="User Entered Import Resolution" name="http://sweetontology.net/realmAtmo" uri="realmAtmo.ttl"/>
    <uri id="User Entered Import Resolution" name="http://sweetontology.net/realmAtmoBoundaryLayer" uri="realmAtmoBoundaryLayer.ttl"/>
    <uri id="User Entered Import Resolution" name="http://sweetontology.net/realmAtmoWeather" uri="realmAtmoWeather.ttl"/>
    <uri id="User Entered Import Resolution" name="http://sweetontology.net/realmBiolBiome" uri="realmBiolBiome.ttl"/>
    <uri id="User Entered Import Resolution" name="http://sweetontology.net/realmClimateZone" uri="realmClimateZone.ttl"/>
    <uri id="User Entered Import Resolution" name="http://sweetontology.net/realmCryo" uri="realmCryo.ttl"/>
    <uri id="User Entered Import Resolution" name="http://sweetontology.net/realmEarthReference" uri="realmEarthReference.ttl"/>
    <uri id="User Entered Import Resolution" name="http://sweetontology.net/realmGeol" uri="realmGeol.ttl"/>
    <uri id="User Entered Import Resolution" name="http://sweetontology.net/realmGeolBasin" uri="realmGeolBasin.ttl"/>
    <uri id="User Entered Import Resolution" name="http://sweetontology.net/realmGeolConstituent" uri="realmGeolConstituent.ttl"/>
    <uri id="User Entered Import Resolution" name="http://sweetontology.net/realmGeolContinental" uri="realmGeolContinental.ttl"/>
    <uri id="User Entered Import Resolution" name="http://sweetontology.net/realmGeolOrogen" uri="realmGeolOrogen.ttl"/>
    <uri id="User Entered Import Resolution" name="http://sweetontology.net/realmHydro" uri="realmHydro.ttl"/>
    <uri id="User Entered Import Resolution" name="http://sweetontology.net/realmHydroBody" uri="realmHydroBody.ttl"/>
    <uri id="User Entered Import Resolution" name="http://sweetontology.net/realmLandAeolian" uri="realmLandAeolian.ttl"/>
    <uri id="User Entered Import Resolution" name="http://sweetontology.net/realmLandCoastal" uri="realmLandCoastal.ttl"/>
    <uri id="User Entered Import Resolution" name="http://sweetontology.net/realmLandFluvial" uri="realmLandFluvial.ttl"/>
    <uri id="User Entered Import Resolution" name="http://sweetontology.net/realmLandGlacial" uri="realmLandGlacial.ttl"/>
    <uri id="User Entered Import Resolution" name="http://sweetontology.net/realmLandOrographic" uri="realmLandOrographic.ttl"/>
    <uri id="User Entered Import Resolution" name="http://sweetontology.net/realmLandProtected" uri="realmLandProtected.ttl"/>
    <uri id="User Entered Import Resolution" name="http://sweetontology.net/realmLandTectonic" uri="realmLandTectonic.ttl"/>
    <uri id="User Entered Import Resolution" name="http://sweetontology.net/realmLandVolcanic" uri="realmLandVolcanic.ttl"/>
    <uri id="User Entered Import Resolution" name="http://sweetontology.net/realmLandform" uri="realmLandform.ttl"/>
    <uri id="User Entered Import Resolution" name="http://sweetontology.net/realmOcean" uri="realmOcean.ttl"/>
    <uri id="User Entered Import Resolution" name="http://sweetontology.net/realmOceanFeature" uri="realmOceanFeature.ttl"/>
    <uri id="User Entered Import Resolution" name="http://sweetontology.net/realmOceanFloor" uri="realmOceanFloor.ttl"/>
    <uri id="User Entered Import Resolution" name="http://sweetontology.net/realmRegion" uri="realmRegion.ttl"/>
    <uri id="User Entered Import Resolution" name="http://sweetontology.net/realmSoil" uri="realmSoil.ttl"/>
    <uri id="User Entered Import Resolution" name="http://sweetontology.net/rela" uri="rela.ttl"/>
    <uri id="User Entered Import Resolution" name="http://sweetontology.net/relaChemical" uri="relaChemical.ttl"/>
    <uri id="User Entered Import Resolution" name="http://sweetontology.net/relaClimate" uri="relaClimate.ttl"/>
    <uri id="User Entered Import Resolution" name="http://sweetontology.net/relaHuman" uri="relaHuman.ttl"/>
    <uri id="User Entered Import Resolution" name="http://sweetontology.net/relaMath" uri="relaMath.ttl"/>
    <uri id="User Entered Import Resolution" name="http://sweetontology.net/relaPhysical" uri="relaPhysical.ttl"/>
    <uri id="User Entered Import Resolution" name="http://sweetontology.net/relaProvenance" uri="relaProvenance.ttl"/>
    <uri id="User Entered Import Resolution" name="http://sweetontology.net/relaSci" uri="relaSci.ttl"/>
    <uri id="User Entered Import Resolution" name="http://sweetontology.net/relaSpace" uri="relaSpace.ttl"/>
    <uri id="User Entered Import Resolution" name="http://sweetontology.net/relaTime" uri="relaTime.ttl"/>
    <uri id="User Entered Import Resolution" name="http://sweetontology.net/repr" uri="repr.ttl"/>
    <uri id="User Entered Import Resolution" name="http://sweetontology.net/reprDataFormat" uri="reprDataFormat.ttl"/>
    <uri id="User Entered Import Resolution" name="http://sweetontology.net/reprDataModel" uri="reprDataModel.ttl"/>
    <uri id="User Entered Import Resolution" name="http://sweetontology.net/reprDataProduct" uri="reprDataProduct.ttl"/>
    <uri id="User Entered Import Resolution" name="http://sweetontology.net/reprDataService" uri="reprDataService.ttl"/>
    <uri id="User Entered Import Resolution" name="http://sweetontology.net/reprDataServiceAnalysis" uri="reprDataServiceAnalysis.ttl"/>
    <uri id="User Entered Import Resolution" name="http://sweetontology.net/reprDataServiceGeospatial" uri="reprDataServiceGeospatial.ttl"/>
    <uri id="User Entered Import Resolution" name="http://sweetontology.net/reprDataServiceReduction" uri="reprDataServiceReduction.ttl"/>
    <uri id="User Entered Import Resolution" name="http://sweetontology.net/reprDataServiceValidation" uri="reprDataServiceValidation.ttl"/>
    <uri id="User Entered Import Resolution" name="http://sweetontology.net/reprMath" uri="reprMath.ttl"/>
    <uri id="User Entered Import Resolution" name="http://sweetontology.net/reprMathFunction" uri="reprMathFunction.ttl"/>
    <uri id="User Entered Import Resolution" name="http://sweetontology.net/reprMathFunctionOrthogonal" uri="reprMathFunctionOrthogonal.ttl"/>
    <uri id="User Entered Import Resolution" name="http://sweetontology.net/reprMathGraph" uri="reprMathGraph.ttl"/>
    <uri id="User Entered Import Resolution" name="http://sweetontology.net/reprMathOperation" uri="reprMathOperation.ttl"/>
    <uri id="User Entered Import Resolution" name="http://sweetontology.net/reprMathSolution" uri="reprMathSolution.ttl"/>
    <uri id="User Entered Import Resolution" name="http://sweetontology.net/reprMathStatistics" uri="reprMathStatistics.ttl"/>
    <uri id="User Entered Import Resolution" name="http://sweetontology.net/reprSciComponent" uri="reprSciComponent.ttl"/>
    <uri id="User Entered Import Resolution" name="http://sweetontology.net/reprSciFunction" uri="reprSciFunction.ttl"/>
    <uri id="User Entered Import Resolution" name="http://sweetontology.net/reprSciLaw" uri="reprSciLaw.ttl"/>
    <uri id="User Entered Import Resolution" name="http://sweetontology.net/reprSciMethodology" uri="reprSciMethodology.ttl"/>
    <uri id="User Entered Import Resolution" name="http://sweetontology.net/reprSciModel" uri="reprSciModel.ttl"/>
    <uri id="User Entered Import Resolution" name="http://sweetontology.net/reprSciProvenance" uri="reprSciProvenance.ttl"/>
    <uri id="User Entered Import Resolution" name="http://sweetontology.net/reprSciUnits" uri="reprSciUnits.ttl"/>
    <uri id="User Entered Import Resolution" name="http://sweetontology.net/reprSpace" uri="reprSpace.ttl"/>
    <uri id="User Entered Import Resolution" name="http://sweetontology.net/reprSpaceCoordinate" uri="reprSpaceCoordinate.ttl"/>
    <uri id="User Entered Import Resolution" name="http://sweetontology.net/reprSpaceDirection" uri="reprSpaceDirection.ttl"/>
    <uri id="User Entered Import Resolution" name="http://sweetontology.net/reprSpaceGeometry" uri="reprSpaceGeometry.ttl"/>
    <uri id="User Entered Import Resolution" name="http://sweetontology.net/reprSpaceGeometry3D" uri="reprSpaceGeometry3D.ttl"/>
    <uri id="User Entered Import Resolution" name="http://sweetontology.net/reprSpaceReferenceSystem" uri="reprSpaceReferenceSystem.ttl"/>
    <uri id="User Entered Import Resolution" name="http://sweetontology.net/reprTime" uri="reprTime.ttl"/>
    <uri id="User Entered Import Resolution" name="http://sweetontology.net/reprTimeDay" uri="reprTimeDay.ttl"/>
    <uri id="User Entered Import Resolution" name="http://sweetontology.net/reprTimeSeason" uri="reprTimeSeason.ttl"/>
    <uri id="User Entered Import Resolution" name="http://sweetontology.net/state" uri="state.ttl"/>
    <uri id="User Entered Import Resolution" name="http://sweetontology.net/stateBiological" uri="stateBiological.ttl"/>
    <uri id="User Entered Import Resolution" name="http://sweetontology.net/stateChemical" uri="stateChemical.ttl"/>
    <uri id="User Entered Import Resolution" name="http://sweetontology.net/stateDataProcessing" uri="stateDataProcessing.ttl"/>
    <uri id="User Entered Import Resolution" name="http://sweetontology.net/stateEnergyFlux" uri="stateEnergyFlux.ttl"/>
    <uri id="User Entered Import Resolution" name="http://sweetontology.net/stateFluid" uri="stateFluid.ttl"/>
    <uri id="User Entered Import Resolution" name="http://sweetontology.net/stateOrdinal" uri="stateOrdinal.ttl"/>
    <uri id="User Entered Import Resolution" name="http://sweetontology.net/statePhysical" uri="statePhysical.ttl"/>
    <uri id="User Entered Import Resolution" name="http://sweetontology.net/stateRealm" uri="stateRealm.ttl"/>
    <uri id="User Entered Import Resolution" name="http://sweetontology.net/stateRole" uri="stateRole.ttl"/>
    <uri id="User Entered Import Resolution" name="http://sweetontology.net/stateRoleBiological" uri="stateRoleBiological.ttl"/>
    <uri id="User Entered Import Resolution" name="http://sweetontology.net/stateRoleChemical" uri="stateRoleChemical.ttl"/>
    <uri id="User Entered Import Resolution" name="http://sweetontology.net/stateRoleGeographic" uri="stateRoleGeographic.ttl"/>
    <uri id="User Entered Import Resolution" name="http://sweetontology.net/stateRoleImpact" uri="stateRoleImpact.ttl"/>
    <uri id="User Entered Import Resolution" name="http://sweetontology.net/stateRoleRepresentative" uri="stateRoleRepresentative.ttl"/>
    <uri id="User Entered Import Resolution" name="http://sweetontology.net/stateRoleTrust" uri="stateRoleTrust.ttl"/>
    <uri id="User Entered Import Resolution" name="http://sweetontology.net/stateSolid" uri="stateSolid.ttl"/>
    <uri id="User Entered Import Resolution" name="http://sweetontology.net/stateSpace" uri="stateSpace.ttl"/>
    <uri id="User Entered Import Resolution" name="http://sweetontology.net/stateSpaceConfiguration" uri="stateSpaceConfiguration.ttl"/>
    <uri id="User Entered Import Resolution" name="http://sweetontology.net/stateSpaceScale" uri="stateSpaceScale.ttl"/>
    <uri id="User Entered Import Resolution" name="http://sweetontology.net/stateSpectralBand" uri="stateSpectralBand.ttl"/>
    <uri id="User Entered Import Resolution" name="http://sweetontology.net/stateSpectralLine" uri="stateSpectralLine.ttl"/>
    <uri id="User Entered Import Resolution" name="http://sweetontology.net/stateStorm" uri="stateStorm.ttl"/>
    <uri id="User Entered Import Resolution" name="http://sweetontology.net/stateSystem" uri="stateSystem.ttl"/>
    <uri id="User Entered Import Resolution" name="http://sweetontology.net/stateThermodynamic" uri="stateThermodynamic.ttl"/>
    <uri id="User Entered Import Resolution" name="http://sweetontology.net/stateTime" uri="stateTime.ttl"/>
    <uri id="User Entered Import Resolution" name="http://sweetontology.net/stateTimeCycle" uri="stateTimeCycle.ttl"/>
    <uri id="User Entered Import Resolution" name="http://sweetontology.net/stateTimeFrequency" uri="stateTimeFrequency.ttl"/>
    <uri id="User Entered Import Resolution" name="http://sweetontology.net/stateTimeGeologic" uri="stateTimeGeologic.ttl"/>
    <uri id="User Entered Import Resolution" name="http://sweetontology.net/stateVisibility" uri="stateVisibility.ttl"/>
    <group id="Folder Repository, directory=, recursive=true, Auto-Update=true, version=2" prefer="public" xml:base="">
        <uri id="Automatically generated entry, Timestamp=1618778546261" name="http://purl.obolibrary.org/obo/sweet.owl" uri="ci/ontology/sweet.owl"/>
    </group>
</catalog>
