<?xml version="1.0" encoding="UTF-8" standalone="no"?>
<catalog prefer="public" xmlns="urn:oasis:names:tc:entity:xmlns:xml:catalog">
    <uri id="User Entered Import Resolution" name="http://purl.obolibrary.org/obo/ecto/imports/ncit_import.owl" uri="imports/ncit_import.owl"/>
    <uri id="User Entered Import Resolution" name="http://purl.obolibrary.org/obo/ecto/imports/exo_import.owl" uri="imports/exo_import.owl"/>
    <uri id="User Entered Import Resolution" name="http://purl.obolibrary.org/obo/ecto/imports/xco_import.owl" uri="imports/xco_import.owl"/>
    <uri id="User Entered Import Resolution" name="http://purl.obolibrary.org/obo/ecto/imports/npo_import.owl" uri="imports/npo_import.owl"/>
    <uri id="User Entered Import Resolution" name="http://purl.obolibrary.org/obo/ecto/imports/envo_import.owl" uri="imports/envo_import.owl"/>
    <uri id="User Entered Import Resolution" name="http://purl.obolibrary.org/obo/ecto/imports/pco_import.owl" uri="imports/pco_import.owl"/>
    <uri id="User Entered Import Resolution" name="http://purl.obolibrary.org/obo/ecto/imports/po_import.owl" uri="imports/po_import.owl"/>
    <uri id="User Entered Import Resolution" name="http://purl.obolibrary.org/obo/ecto/imports/pr_import.owl" uri="imports/pr_import.owl"/>
    <uri id="User Entered Import Resolution" name="http://purl.obolibrary.org/obo/ecto/imports/chebi_import.owl" uri="imports/chebi_import.owl"/>
    <uri id="User Entered Import Resolution" name="http://purl.obolibrary.org/obo/ecto/imports/uberon_import.owl" uri="imports/uberon_import.owl"/>
    <uri id="User Entered Import Resolution" name="http://purl.obolibrary.org/obo/ecto/imports/go_import.owl" uri="imports/go_import.owl"/>
    <uri id="User Entered Import Resolution" name="http://purl.obolibrary.org/obo/ecto/imports/cl_import.owl" uri="imports/cl_import.owl"/>
    <uri id="User Entered Import Resolution" name="http://purl.obolibrary.org/obo/ecto/imports/pato_import.owl" uri="imports/pato_import.owl"/>
    <uri id="User Entered Import Resolution" name="http://purl.obolibrary.org/obo/ecto/imports/ro_import.owl" uri="imports/ro_import.owl"/>
    <uri id="User Entered Import Resolution" name="http://purl.obolibrary.org/obo/ecto/imports/so_import.owl" uri="imports/so_import.owl"/>
    <uri id="User Entered Import Resolution" name="http://purl.obolibrary.org/obo/ecto/imports/ncbitaxon_import.owl" uri="imports/ncbitaxon_import.owl"/>
    <uri id="User Entered Import Resolution" name="http://purl.obolibrary.org/obo/ecto/imports/bridge.owl" uri="imports/bridge.owl"/>
    <group id="Folder Repository, directory=, recursive=false, Auto-Update=false, version=2" prefer="public" xml:base=""/>
</catalog>
