<?xml version='1.0' encoding='UTF-8'?>
<catalog xmlns="urn:oasis:names:tc:entity:xmlns:xml:catalog" prefer="public">
  <group id="odk-managed-catalog" prefer="public">
    <uri name="http://purl.obolibrary.org/obo/ecto/imports/chebi_import.owl" uri="imports/chebi_import.owl" />
    <uri name="http://purl.obolibrary.org/obo/ecto/imports/envo_import.owl" uri="imports/envo_import.owl" />
    <uri name="http://purl.obolibrary.org/obo/ecto/imports/exo_import.owl" uri="imports/exo_import.owl" />
    <uri name="http://purl.obolibrary.org/obo/ecto/imports/go_import.owl" uri="imports/go_import.owl" />
    <uri name="http://purl.obolibrary.org/obo/ecto/imports/npo_import.owl" uri="imports/npo_import.owl" />
    <uri name="http://purl.obolibrary.org/obo/ecto/imports/maxo_import.owl" uri="imports/maxo_import.owl" />
    <uri name="http://purl.obolibrary.org/obo/ecto/imports/foodon_import.owl" uri="imports/foodon_import.owl" />
    <uri name="http://purl.obolibrary.org/obo/ecto/imports/nbo_import.owl" uri="imports/nbo_import.owl" />
    <uri name="http://purl.obolibrary.org/obo/ecto/imports/ncit_import.owl" uri="imports/ncit_import.owl" />
    <uri name="http://purl.obolibrary.org/obo/ecto/imports/ncbitaxon_import.owl" uri="imports/ncbitaxon_import.owl" />
    <uri name="http://purl.obolibrary.org/obo/ecto/imports/pato_import.owl" uri="imports/pato_import.owl" />
    <uri name="http://purl.obolibrary.org/obo/ecto/imports/ro_import.owl" uri="imports/ro_import.owl" />
    <uri name="http://purl.obolibrary.org/obo/ecto/imports/uberon_import.owl" uri="imports/uberon_import.owl" />
    <uri name="http://purl.obolibrary.org/obo/ecto/imports/xco_import.owl" uri="imports/xco_import.owl" />
    <uri name="http://purl.obolibrary.org/obo/ecto/components/ecto-xrefs.owl" uri="components/ecto-xrefs.owl" />
    <uri name="http://purl.obolibrary.org/obo/ecto/components/bridge.owl" uri="components/bridge.owl" />
    <uri name="http://purl.obolibrary.org/obo/ecto/components/obsoletes.owl" uri="components/obsoletes.owl" />
    <uri name="http://purl.obolibrary.org/obo/ecto/patterns/definitions.owl" uri="../patterns/definitions.owl" />
  </group>
  <uri id="Imports Wizard Entry" name="http://purl.obolibrary.org/obo/ecto/releases/2021-03-16/imports/ons_import.owl" uri="imports/ons_import.owl" />
  <uri id="Imports Wizard Entry" name="urn:unnamed:ontology#ont1" uri="file:/Users/annethessen/environmental-exposure-ontology/src/patterns/pattern.owl" />
  <group id="Folder Repository, directory=, recursive=false, Auto-Update=false, version=2" prefer="public" />
  <uri id="User Entered Import Resolution" name="http://purl.obolibrary.org/obo/ecto/components/xrefs.owl" uri="components/ecto-xrefs.owl" />
  <uri id="User Entered Import Resolution" name="http://purl.obolibrary.org/obo/ecto/imports/ons_import.owl" uri="imports/ons_import.owl" />
  <uri id="User Entered Import Resolution" name="http://purl.obolibrary.org/obo/ecto/imports/iao.owl" uri="imports/iao_import.owl" />
</catalog>