defined_class	defined_class_name	stressor
ECTO:0000015	exposure to environmental material	ENVO:00010483
ECTO:7000001	exposure to dust	ENVO:00002008
ECTO:7000002	exposure to fumes	ENVO:02000112
ECTO:7000003	exposure to smog	ENVO:01000842
ECTO:7000004	exposure to coal	ENVO:02000091
ECTO:7000005	exposure to coal dust	ENVO:02000099
ECTO:7000006	exposure to coal mine waste material	ENVO:00002206
ECTO:7000007	exposure to self-heating coal mine waste material	ENVO:00002207
ECTO:7000008	exposure to clay	ENVO:00002982
ECTO:7000009	exposure to clay dust	ENVO:02000105
ECTO:7000010	exposure to brick	ENVO:01000475
ECTO:7000011	exposure to brick material	ENVO:01000474
ECTO:7000012	exposure to soil	ENVO:00001998
ECTO:7000013	exposure to asphalt	ENVO:01000460
ECTO:7000014	exposure to refined asphalt	ENVO:01000461
ECTO:7000015	exposure to asphalt concrete	ENVO:01000459
ECTO:7000016	exposure to glass	ENVO:01000480
ECTO:7000017	exposure to fibrous glass dust	ENVO:02000102
ECTO:7000018	exposure to rock	ENVO:00001995
ECTO:7000019	exposure to ore	ENVO:02000094
ECTO:7000020	exposure to sand	ENVO:01000017
ECTO:7000021	exposure to metallic dust	ENVO:02000103
ECTO:7000022	exposure to fibrous dust	ENVO:02000101
ECTO:7000023	exposure to mineral dust	ENVO:02000100
ECTO:7000024	exposure to grain dust	ENVO:02000107
ECTO:7000025	exposure to asbestos dust	ENVO:02000106
ECTO:7000026	exposure to cement dust	ENVO:02000104
ECTO:7000027	exposure to slate dust	ENVO:01001286
ECTO:7000028	exposure to talc dust	ENVO:01001285
ECTO:7000029	exposure to kaolin dust	ENVO:01001288
ECTO:7000030	exposure to silica dust	ENVO:01001282
ECTO:7000031	exposure to barium dust	ENVO:01001284
ECTO:7000032	exposure to aluminum dust	ENVO:01001283
ECTO:7000033	exposure to dust from plant parts	ENVO:02000109
ECTO:7000034	exposure to wood	ENVO:00002040
ECTO:7000035	exposure to treated wood	ENVO:00002135
ECTO:7000036	exposure to charcoal	ENVO:01000560
ECTO:7000037	exposure to concrete	ENVO:01000458
ECTO:7000038	exposure to plaster	ENVO:01000476
ECTO:7000039	exposure to cement plaster	ENVO:01000478
ECTO:7000040	exposure to lime plaster	ENVO:01000479
ECTO:7000055	exposure to liquefied natural gas	ENVO:01000557
ECTO:7000056	exposure to natural gas	ENVO:01000552
ECTO:7000057	exposure to liquefied petroleum gas	ENVO:01000553
ECTO:7000058	exposure to gaseous environmental material	ENVO:01000797
ECTO:7000059	exposure to smoke	ENVO:01000838
ECTO:7000060	exposure to haze	ENVO:01001402
ECTO:7000061	exposure to microplastic particle	ENVO:01000944
ECTO:7000062	exposure to secondary microplastic particle	ENVO:01000946
ECTO:7000063	exposure to water in environment	ENVO:00002006
ECTO:7000064	exposure to air	ENVO:00002005
ECTO:7000067	exposure to oil	ENVO:00002985
ECTO:7000068	exposure to particulate matter	ENVO:01000060
ECTO:7000069	exposure to organic material	ENVO:01000155
ECTO:7000070	exposure to snow	ENVO:01000406
ECTO:7000071	exposure to atmospheric carbon dioxide	ENVO:01000451
ECTO:7000072	exposure to volcanic ash	ENVO:01000701
ECTO:7000073	exposure to mineral material	ENVO:01000256
ECTO:7000074	exposure to mine tailing	ENVO:00000003
ECTO:7000075	exposure to permafrost	ENVO:00000134
ECTO:7000076	exposure to waste water	ENVO:00002001
ECTO:7000077	exposure to feces	ENVO:00002003
ECTO:7000078	exposure to sewage	ENVO:00002018
ECTO:7000079	exposure to raw primary sludge	ENVO:00002057
ECTO:7000080	exposure to secondary sludge	ENVO:00002058
ECTO:7000081	exposure to biosolids	ENVO:00002059
ECTO:7000082	exposure to oil sludge	ENVO:00002060
ECTO:7000083	exposure to contaminated sediment	ENVO:00002114
ECTO:7000084	exposure to petroleum contaminated sediment	ENVO:00002115
ECTO:7000085	exposure to contaminated soil	ENVO:00002116
ECTO:7000086	exposure to creosote contaminated soil	ENVO:00002117
ECTO:7000087	exposure to arsenic-rich mud	ENVO:00002122
ECTO:7000088	exposure to borax leachate	ENVO:00002142
ECTO:7000089	exposure to chromate contaminated soil	ENVO:00002145
ECTO:7000090	exposure to xylene contaminated soil	ENVO:00002146
ECTO:7000091	exposure to agricultural soil	ENVO:00002259
ECTO:7000092	exposure to waste material	ENVO:00002264
ECTO:7000093	exposure to chicken breeding waste material	ENVO:00002266
ECTO:7000094	exposure to industrial waste material	ENVO:00002267
ECTO:7000095	exposure to fluvisol	ENVO:00002273
ECTO:7000096	exposure to stagnosol	ENVO:00002274
ECTO:7000097	exposure to technosol	ENVO:00002275
ECTO:7000098	exposure to animal waste material	ENVO:00002276
ECTO:7000099	exposure to hay	ENVO:00002869
ECTO:7000100	exposure to adobe	ENVO:00002870
ECTO:7000101	exposure to bagasse	ENVO:00002872
ECTO:7000102	exposure to organic waste material	ENVO:00002873
ECTO:7000103	exposure to oil contaminated soil	ENVO:00002875
ECTO:7000104	exposure to fuel oil	ENVO:00002983
ECTO:7000105	exposure to petroleum	ENVO:00002984
ECTO:7000106	exposure to silage	ENVO:00003030
ECTO:7000107	exposure to animal manure	ENVO:00003031
ECTO:7000108	exposure to fresh animal manure	ENVO:00003032
ECTO:7000109	exposure to bodily fluid	ENVO:02000019
ECTO:7000110	exposure to blood	ENVO:02000020
ECTO:7000111	exposure to amniotic fluid	ENVO:02000021
ECTO:7000112	exposure to excreta	ENVO:02000022
ECTO:7000113	exposure to bile	ENVO:02000023
ECTO:7000114	exposure to aerosol	ENVO:00010505
ECTO:7000115	exposure to waterborne particulate matter	ENVO:01000436
ECTO:7000116	exposure to respirable suspended particulate matter	ENVO:01000405
ECTO:7000117	exposure to fine respirable suspended particulate matter	ENVO:01000415
ECTO:7000118	exposure to ultrafine respirable suspended particulate matter	ENVO:01000416
ECTO:7000119	exposure to contaminated water	ENVO:00002186
ECTO:7000120	exposure to pulp-bleaching waste water	ENVO:00002193
ECTO:7000122	exposure to sea water	ENVO:00002149
ECTO:7000123	exposure to river water	ENVO:01000599
ECTO:7000124	exposure to distilled water	ENVO:00003065
ECTO:7000125	exposure to drinking water	ENVO:00003064
ECTO:7000126	exposure to tap water	ENVO:00003096
ECTO:7000127	exposure to groundwater	ENVO:01001004
ECTO:7000128	exposure to pond water	ENVO:00002228
ECTO:7000129	exposure to welding fume	ENVO:02000113
ECTO:7000130	exposure to glue	ENVO:00003076
ECTO:7000131	exposure to resin	ENVO:03510018
ECTO:7000132	exposure to shellac	ENVO:03510023
ECTO:7000133	exposure to tragacanth	ENVO:03510016
ECTO:7000134	exposure to xanthan gum	ENVO:03510015
ECTO:7000135	exposure to wood dust	ENVO:03510000
ECTO:7000136	exposure to diesel fuel	ENVO:03510006
ECTO:7000137	exposure to gasoline	ENVO:03510007
ECTO:7000138	exposure to diesel exhaust	ENVO:03510008
ECTO:7000139	exposure to gasoline exhaust	ENVO:03510009
ECTO:7000140	exposure to primer (paint)	ENVO:03510029
ECTO:7000141	exposure to oil-based paint	ENVO:03510031
ECTO:7000142	exposure to acrylic paint	ENVO:03510032
ECTO:7000143	exposure to luminescent paint	ENVO:03510033
ECTO:7000144	exposure to rock dust	ENVO:03510036
ECTO:7000145	exposure to radioactive material	ENVO:03510037
ECTO:7000146	exposure to cyanoacrylate	ENVO:03510038
ECTO:7000147	exposure to plastic production compound	ENVO:03510039
ECTO:7000148	exposure to cotton dust	ENVO:02000108
ECTO:7000149	exposure to rubber cement	ENVO:03510055
ECTO:7000150	exposure to methyl cellulose paste	ENVO:03510056
ECTO:7000151	exposure to permanent hair dye	ENVO:03510057
ECTO:7000152	exposure to pharmaceutical ink	ENVO:03510058
ECTO:7000153	exposure to gel ink	ENVO:03510060
ECTO:7000154	exposure to soy ink	ENVO:03510061
ECTO:7000155	exposure to aqueous inkjet printer ink	ENVO:03510062
ECTO:7000156	exposure to emissions from petroleum combustion	ENVO:03510064
ECTO:7000157	exposure to colorant fluid	ENVO:03510065
ECTO:7000158	exposure to chemical colorant	ENVO:03510066
